id,generation,family,status,statement,mechanism,falsification,data,params_tested,ledger_records,ledger_unique_variants,sqlite_records,stages,last_decision,decided_at,verdict_reason
H1_ORB,1,momentum/time-of-day,rejected,,,"Net Sharpe <= 0.3 on TRAIN at baseline costs for all reasonable variants, or result not shared across ES/NQ/YM, or random-direction entries at the same times perform as well.",,,0,0,360,,,,Gen1/2: net Sharpe<0.6 on TRAIN for all 24 variants x 3 markets under both cost models; no plateau.
H2_IM,1,momentum/time-of-day,rejected,,,Net expectancy <= 0 after baseline costs on TRAIN.,,,0,0,312,,,,"Gen2: TRAIN best 0.57 but VALIDATION negative for ES/YM, ~0 NQ; TV Sharpe <=0.28."
H3_NOISE,1,momentum/volatility breakout,EXPLORATORY,,,Net Sharpe <= 0.3 on TRAIN or edge concentrated in a single year.,,,0,0,625,,EXPLORATORY,2026-10-09T05:47:06,"v3: pre-registered cross-market holdout on untouched real futures 2025-03..2026-04 FAILED (ES -0.86, YM -0.88, RTY -0.48, pooled -0.92); NQ 0.13. Strong 2013-2023 CFD evidence did not carry into 2025-26."
H4_OVERNIGHT,1,time-of-day/session transition,rejected,,,Net expectancy <= 0 after costs on TRAIN.,,,0,0,696,,,,"Gen3: strong 2013-2020 (drift concentrated 00-03 ET, consistent with literature) but frozen spec OOS 2021-23: NQ 0.20, ES -0.35, YM -0.69; fails cost stress."
H5_GAPFADE,1,mean reversion,rejected,,,Net expectancy <= 0 after costs on TRAIN.,,,0,0,120,,,,Gen1/2: negative net expectancy on TRAIN for all variants.
H6_XASSET_NOISE,4,momentum/volatility breakout (cross-asset),rejected,,,TRAIN net Sharpe <= 0.5 for the paper default and frozen-H3 variants; or VALIDATION Sharpe <= 0.3.,,,0,0,40,,,,"Gen4: FX negative, crude sign-flips train->validation, gold inconsistent, DAX weak. Mechanism equity-specific."
H7_MIDDAY_MR,5,mean reversion/time-of-day,rejected,,,"TRAIN Sharpe <= 0.5 net, or correlation with H3 not negative/low.",,,0,0,24,,,,Gen5: midday reversion negative for 10/12 variants (momentum dominates); k=2 tiny samples.
H8_NQES_RS,5,cross-market relative value,rejected,,,TRAIN Sharpe <= 0.5 net of both legs' costs.,,,0,0,12,,,,Gen5: only 1/6 variants >0.5 TRAIN; corr with H3 0.29 -> not a useful diversifier.
H10_GOLD_ASIA,6,time-of-day/session,rejected,,,TRAIN net Sharpe <= 0.5 with MGC costs.,,,0,0,8,,,,Gen6: TRAIN 0.10-0.79 but VALIDATION negative (-0.39..-1.40) for all 4 variants; 17:00/18:00 ET rollover artifact excluded.
H9_TSMOM,6,trend/time-series momentum (daily),rejected,,,TRAIN net Sharpe <= 0.5 after spread and financing costs.,,,0,0,6,,,,Gen6: multi-asset daily TSMOM net of spread+financing: TRAIN -0.25..0.11; VALIDATION -0.61..0.39.
R_H3_FILTERS,7,regime/no-trade,REJECT,Ex-ante regime features identify days on which H3 has negative expectancy.,"Momentum needs trending, active markets; it fails in quiet mean-reverting tapes and after huge gaps.",No filter improves VALIDATION net expectancy per day AND reduces drawdown vs unfiltered after Holm over 5 filters; or random removal does as well.,15m NQ proxy,"5 filters, direction fitted on TRAIN median split",9,1,0,None,REJECT,2026-10-09T05:57:31,No filter beats random removal p95 on VALIDATION; best rv20 0.56 vs unfiltered 0.41 and random p95 0.97
V10_NOISE_PULLBACK,7,momentum/pullback entry (H3 refinement),REJECT,Entering H3 breakouts on a pullback to the session TWAP (limit order) improves net expectancy vs market entry.,Better entry price and fewer false breakouts (unfilled limit = filtered signal).,Net Sharpe not above H3 baseline on TRAIN+VALIDATION.,15m bars,"wait_bars {4,8}",6,2,6,gen7_screen,REJECT,2026-10-09T05:50:02,TRAIN screen: best net Sharpe -0.12 (<0.5 required); median -0.23; validation median -0.11
V11_ASIAN_BREAKOUT,7,session transition/breakout,EXPLORATORY,A breakout of the Asian-session range at the London open (03:00 ET) continues into the London/NY morning.,Liquidity and information arrive with European participants; Asian ranges reflect low-liquidity price discovery.,TRAIN net Sharpe < 0.5 in all markets/variants.,"M15 FX/gold, 19:00-03:00 ET range","stop {opposite side, 0.5 range} x exit {08:00, 11:00}",15,5,12,gen9_screen;v11_dev;v11_oos;v11_presample,EXPLORATORY,2026-10-09T06:03:50,gold: pre-registered OOS 2021-23 Sharpe -0.01 (fails >=0.5); pre-sample 2007-14 Sharpe 0.85
V12_ASIAN_REVERSION,7,mean reversion/session,REJECT,"During the quiet Asian session, deviations of EUR/GBP/gold from the 19:00 ET price revert by 02:00 ET.","Thin, range-bound liquidity provision outside major sessions.",TRAIN net Sharpe < 0.5.,M15 FX/gold,"k {1.0,1.5} (in 0.25 ATR units)",6,2,6,gen9_screen,REJECT,2026-10-09T06:02:29,"best TRAIN net 0.39, median 0.16; best gross 1.01; validation median -0.40"
V1_FAILED_BREAKOUT,7,mean reversion/failed breakout,REJECT,A push through the prior-day RTH high (low) that closes back inside within 1-2 bars reverts toward the session mean.,Stop-runs above obvious reference levels exhaust liquidity-taking flow; trapped breakout traders exit.,"TRAIN net Sharpe < 0.5 in every market/variant, or no better than the opposite (breakout-continuation) direction.",15m index bars + prior-day RTH high/low,"back_bars {1,2} x max_trades {1,2}",12,4,12,gen7_screen,REJECT,2026-10-09T05:50:02,TRAIN screen: best net Sharpe -0.54 (<0.5 required); median -1.08; validation median 0.13
V2_EXTREME_REVERSION,7,mean reversion/extreme move,REJECT,A 15-minute return beyond k time-of-day sigmas partially reverses over the next hour.,Liquidity shocks (large market orders) overshoot; liquidity providers are compensated for absorbing them.,TRAIN net Sharpe < 0.5 for all k/hold variants.,15m index bars,"k {2.5,3.5} x hold {2,4} bars",12,4,12,gen7_screen,REJECT,2026-10-09T05:50:02,TRAIN screen: best net Sharpe -0.61 (<0.5 required); median -1.07; validation median -1.06
V3_COMPRESSION_BREAKOUT,7,volatility/compression-expansion,REJECT,"After a compressed day (prior range <= 0.6-0.8 of its 20-day average), the opening-range breakout is more likely to follow through.",Volatility clustering and range expansion after contraction (Crabel; vol mean-reversion).,Compressed-day breakout no better than the same breakout on non-compressed days (baseline) or TRAIN Sharpe < 0.5.,"15m bars, prior-day range","range_ratio_max {0.6,0.8} x tgt_R {nan,2}",24,8,24,gen7_screen,REJECT,2026-10-09T05:50:02,TRAIN screen: best net Sharpe 0.20 (<0.5 required); median -0.27; validation median 0.11
V4_TURN_OF_MONTH,7,calendar,REJECT,US index futures earn higher RTH returns on the last trading day and first 3 trading days of the month.,Month-end pension/payroll flows and portfolio rebalancing (Lakonishok & Smidt 1988; Ariel 1987; McConnell & Xu 2008).,TOM RTH long not better than non-TOM RTH long (baseline) or TRAIN Sharpe < 0.5.,15m bars + exchange calendar,"window (-1,3); invert baseline",6,2,6,gen7_screen,REJECT,2026-10-09T05:50:02,TRAIN screen: best net Sharpe 0.28 (<0.5 required); median 0.02; validation median 0.68
V5_WEEKDAY,7,calendar/weekday,REJECT,Mean RTH open-to-close return differs by weekday in US index futures.,"Weekly flow patterns (weekend risk, Monday effect literature).",No weekday significant after Holm correction on TRAIN.,15m bars,5 weekdays x 3 markets = 15 tests,1,1,0,None,REJECT,2026-10-09T05:51:03,0 of 15 weekday tests significant after Holm (min holm p 1.000)
V6_LEADLAG,7,cross-market/lead-lag,REJECT,The 15-minute return of one index future predicts the next 15-minute return of the other after a one-bar delay.,"Information diffusion across related contracts (Hou 2007, lead-lag literature); index arbitrage keeps it short-lived.",Slope t-stat < 2 on TRAIN or net trading rule Sharpe < 0.5.,Synchronized 15m bars US500/US100,"k {1,2} sigma divergence",1,1,0,None,REJECT,2026-10-09T05:51:04,"best TRAIN net Sharpe of divergence rule -0.25; regression t-stats [-0.59, 0.05, -2.83, 2.74]"
V7_ML_INTRADAY,7,adaptive/statistical model,REJECT,"A regularized model of interpretable intraday state (noise-normalized move, gap, trend efficiency, vol ratio, relative strength, time) predicts the sign of the rest-of-session return better than simple momentum.",Combines momentum/reversal/regime information; tests whether conditioning adds value over H3.,Walk-forward net Sharpe below the pure-momentum baseline (sign of noise-normalized move) or < 0.5.,15m US100 + US500 bars,"logistic C {0.1}, GBM depth 2/200 trees; threshold {0.03,0.06}; expanding yearly walk-forward with whole-day embargo",3,1,0,None;beta_control;diagnostics,REJECT,2026-10-09T06:09:40,beta control: V7 walk-forward Sharpe 0.55 not distinguishable from random long days of equal count (p=0.156; random p95 0.74); 948 long vs 33 short trades
V9_GAP_CONTINUATION,7,session/gap,REJECT,EXPLORATORY sign-reversal of rejected H5: moderate opening gaps continue intraday.,Overnight information keeps being incorporated after the open.,TRAIN net Sharpe < 0.5. Penalized: hypothesis formed after observing H5.,15m bars,"gap_min {0.2,0.4}",6,2,6,gen7_screen,REJECT,2026-10-09T05:50:02,TRAIN screen: best net Sharpe 0.27 (<0.5 required); median 0.12; validation median -0.20
C1_TSMOM,10,crypto/trend,VALIDATION_CANDIDATE,BTC returns are positively autocorrelated over 1-4 month horizons (time-series momentum).,"Slow diffusion of information, herding and leverage cycles in a retail-heavy market (Liu & Tsyvinski 2021 'Risks and Returns of Cryptocurrency').",TRAIN net Sharpe < 0.5 or residual vs buy&hold-VT < 0.3 for all variants.,Bitstamp BTCUSD daily,"lookback {20,60,120} x long/short vs long/flat",18,6,18,gen10_screen,VALIDATION_CANDIDATE,2026-10-09T06:51:40,"TRAIN best 1.82 (resid 1.46), VAL 1.89 (resid 1.36); 100% variants TRAIN-positive. Not advanced separately: SUBSUMED into the frozen CT1 ensemble"
C2_DONCHIAN,10,crypto/breakout,VALIDATION_CANDIDATE,Breakouts of N-day channels continue in BTC.,Trend-following flows and stop cascades.,Same as C1.,Bitstamp BTCUSD daily,"n {20,55} x long/short vs long-only",12,4,12,gen10_screen,VALIDATION_CANDIDATE,2026-10-09T06:51:40,"TRAIN best 1.82 (resid 1.43), VAL 1.81 (resid 1.25); 100% variants TRAIN-positive. Not advanced separately: SUBSUMED into the frozen CT1 ensemble"
C3_REVERSAL,10,crypto/mean reversion,REJECT,Extreme 1-hour BTC moves partially reverse over the next 4-12 hours.,"Liquidity-driven overshoots (forced liquidations, thin books) revert as liquidity returns.",TRAIN net Sharpe < 0.5 for all variants.,Bitstamp BTCUSD hourly,"k {3,4} sigma x hold {4,12} h",12,4,12,gen10_screen,REJECT,2026-10-09T06:51:40,TRAIN best net -0.61 resid -0.68 (gate 0.5 / 0.3)
C4_VOL_EXPANSION,10,crypto/volatility,REJECT,A daily range-expansion bar closing at its extreme predicts continuation over the next 1-5 days.,Volatility clustering plus information arrival; expansion bars mark regime transitions.,Same as C1.,Bitstamp BTCUSD daily,"x {1.5,2.0} x hold {1,5} days",8,4,8,gen10_screen,REJECT,2026-10-09T06:51:40,TRAIN best net 0.48 resid 0.20 (gate 0.5 / 0.3)
CT1_TREND_ENSEMBLE,10,crypto/trend,PROMISING_BUT_UNVALIDATED,Pre-specified ensemble of C1/C2 trend rules on BTC.,as C1/C2,fails promotion_criteria_crypto,Bitstamp BTCUSD daily,fixed ensemble; long/short; 40% vol target,11,7,11,CT1_HOLDOUT_LOOK;CT1_HOLDOUT_LOOK_coststress;CT1_HOLDOUT_LOOK_longonly;CT1_OOS_LOOK;CT1_OOS_LOOK_longonly_secondary;ct1_dev;ct1_dev_by_year,PROMISING_BUT_UNVALIDATED,2026-10-09T07:11:54,V6 status mapping: PAPER_TRADING_CANDIDATE -> PROMISING_BUT_UNVALIDATED (not ELIGIBLE) because the pre-registered 2025-26 multi-perp confirmation failed and the BTC holdout is now contaminated. Independent evidence still needed: prospective paper record and/or out-of-domain transfer (V6 futures test).
C10_XS_ALT_MOMENTUM,11,crypto/cross-sectional,REJECT,30d winners beat losers over the next week among 12 coins.,"Attention/flow momentum (Liu, Tsyvinski & Wu 2022 'Common Risk Factors in Cryptocurrency').",see protocol,mirror daily 2018-2023 (survivorship biased),single rule,1,1,1,gen11_C10,REJECT,2026-10-09T06:40:45,"TRAIN 0.25, OOS 0.79 (survivorship-biased universe; ceiling EXPLORATORY)"
C6_FUNDING_CONTRARIAN,11,crypto/funding,REJECT,Extreme funding prints predict reversal over 24-72h.,Crowded leveraged positioning (high funding) unwinds; liquidation cascades.,see protocol,Bitstamp 1h + Binance funding,"q {0.9,0.95} x hold {24,72}h",4,4,4,gen11_C6_train,REJECT,2026-10-09T06:40:41,"TRAIN best 1.05 (resid 1.23), 2/4 positive; OOS n/a; holdout n/a"
C7_FUNDING_CARRY,11,crypto/carry,REJECT,Delta-neutral spot-long/perp-short earns funding above costs and cash.,Structural demand for leveraged long exposure pays a premium to liquidity providers (basis trade).,net return on capital <= 4% in any period,Binance funding,"tau {0, 5e-5}",3,3,3,gen11_C7_all,REJECT,2026-10-09T06:40:42,"Carry (basis/counterparty unmodelled; ceiling EXPLORATORY). pass by rule: {'always_on': False, 'tau=0.0': False, 'tau=5e-05': False}"
C8_CALENDAR,11,crypto/calendar,REJECT,BTC mean returns differ by UTC hour or weekday.,"Session overlaps, funding times, weekend liquidity.",no Holm survivor in TRAIN,Bitstamp 1h,31 tests,0,0,0,,REJECT,2026-10-09T06:40:42,0 Holm survivors of 31; rules passing VAL+OOS: []
C9_FUNDING_FILTER_CT1,11,crypto/regime,REJECT,Skip CT1 longs when funding is extreme.,Crowded longs are fragile.,filter does not beat unfiltered and random skip,Bitstamp daily + funding,single rule,1,1,1,gen11_C9,REJECT,2026-10-09T06:40:44,"{""dev_pass"": false}"
C11_TSMOM_4H,12,crypto/trend,EXPLORATORY,BTC trend on 4h bars (variant of C1),as C1,see protocol,Bitstamp 4h,"lookback {30,90,180} bars",3,3,3,gen12_C11,EXPLORATORY,2026-10-09T06:41:44,"trend variant; correlation with CT1 reported; not advanced (same family, no new information)"
R1_ETHBTC_REVERSION,12,crypto/relative value,REJECT,ETH/BTC ratio deviations revert,Rotation flows between the two largest coins; arbitrage capital limits (R1) or slow diffusion (R2).,see protocol,BTC+ETH daily,single rule,1,1,1,gen12_train,REJECT,2026-10-09T06:41:44,"{""train"": -2.17, ""oos"": null, ""holdout"": null, ""train_pass"": false}"
R2_ETHBTC_MOMENTUM,12,crypto/relative value,EXPLORATORY,ETH/BTC relative momentum persists,Rotation flows between the two largest coins; arbitrage capital limits (R1) or slow diffusion (R2).,see protocol,BTC+ETH daily,single rule,2,1,2,gen12_OOS_LOOK;gen12_train,EXPLORATORY,2026-10-09T06:41:44,"{""train"": 0.66, ""oos"": -0.49, ""holdout"": null, ""train_pass"": true, ""oos_pass"": false}"
F0_CT1_TRANSFER,13,futures/trend/crypto-transfer,ELIGIBLE_FOR_INDEPENDENT_VALIDATION,"CT1 legs per instrument: mean of sign(ret over 20,60,120 days) and Donchian(20,55) states; same Donchian entry/exit as V4; no leverage cap (equal-risk legs)",see protocol,primary net Sharpe >= 0.4 AND residual vs LONG_RP >= 0.2 AND >= 70% of neighbours net > 0,pysystemtrade futures panel,"[""leg_t20"", ""leg_t60"", ""leg_t120"", ""leg_d20"", ""leg_d55""]",9,6,9,DISCOVERY;HOLDOUT_LOOK;TEST_LOOK;VALIDATION,ELIGIBLE_FOR_INDEPENDENT_VALIDATION,2026-10-09T07:22:08,"gen13 net Sharpe by stage {'DISCOVERY': 1.16, 'VALIDATION': 0.34, 'TEST': 0.6, 'HOLDOUT': 0.51}"
F1_TSMOM,13,futures/trend/time-series momentum,ELIGIBLE_FOR_INDEPENDENT_VALIDATION,"mean of sign(ret over 63,126,252 days)","Moskowitz, Ooi & Pedersen (2012) Time series momentum, JFE",primary net Sharpe >= 0.4 AND residual vs LONG_RP >= 0.2 AND >= 70% of neighbours net > 0,pysystemtrade futures panel,"[""L21"", ""L63"", ""L126"", ""L252""]",8,5,8,DISCOVERY;HOLDOUT_LOOK;TEST_LOOK;VALIDATION,ELIGIBLE_FOR_INDEPENDENT_VALIDATION,2026-10-09T07:22:08,"gen13 net Sharpe by stage {'DISCOVERY': 1.35, 'VALIDATION': 0.52, 'TEST': 0.9, 'HOLDOUT': 0.61}"
F2_EWMAC,13,futures/trend/EWMA crossover,ELIGIBLE_FOR_INDEPENDENT_VALIDATION,"mean of 4 crossovers (8/32,16/64,32/128,64/256): (EMA_f - EMA_s)/(sigma_price), scaled so mean |forecast| ~ 1, capped +-2, then /2",Carver (2015) Systematic Trading; Baltas & Kosowski (2013),primary net Sharpe >= 0.4 AND residual vs LONG_RP >= 0.2 AND >= 70% of neighbours net > 0,pysystemtrade futures panel,"[""ewmac8_32"", ""ewmac16_64"", ""ewmac32_128"", ""ewmac64_256""]",8,5,8,DISCOVERY;HOLDOUT_LOOK;TEST_LOOK;VALIDATION,ELIGIBLE_FOR_INDEPENDENT_VALIDATION,2026-10-09T07:22:08,"gen13 net Sharpe by stage {'DISCOVERY': 1.43, 'VALIDATION': 0.61, 'TEST': 0.9, 'HOLDOUT': 0.7}"
F3_CARRY,13,futures/carry,ELIGIBLE_FOR_INDEPENDENT_VALIDATION,"carry_yield / sigma, 21-day mean, scaled by its trailing-5y mean |.|, capped +-2, /2","Koijen, Moskowitz, Pedersen & Vrugt (2018) Carry, JFE",primary net Sharpe >= 0.4 AND residual vs LONG_RP >= 0.2 AND >= 70% of neighbours net > 0,pysystemtrade futures panel,"[""smooth1"", ""smooth63""]",6,3,6,DISCOVERY;HOLDOUT_LOOK;TEST_LOOK;VALIDATION,ELIGIBLE_FOR_INDEPENDENT_VALIDATION,2026-10-09T07:22:08,"gen13 net Sharpe by stage {'DISCOVERY': 1.15, 'VALIDATION': 0.8, 'TEST': 0.82, 'HOLDOUT': 0.44}"
F4_XS_MOM,13,futures/cross-sectional momentum,REJECTED,"within asset class, rank 252-day minus last-21-day return / sigma; long top third, short bottom third (s = +-1), classes with >= 4 eligible members","Asness, Moskowitz & Pedersen (2013) Value and momentum everywhere, JF",primary net Sharpe >= 0.4 AND residual vs LONG_RP >= 0.2 AND >= 70% of neighbours net > 0,pysystemtrade futures panel,"[""lb126""]",2,2,2,DISCOVERY,REJECTED,2026-10-09T07:22:08,gen13 net Sharpe by stage {'DISCOVERY': 0.48}
F5_XS_VALUE,13,futures/cross-sectional value (5y reversal),REJECTED,"within asset class, rank MINUS the return from t-1260 to t-252 days (5y reversal); long cheapest third, short dearest third","Asness, Moskowitz & Pedersen (2013)",primary net Sharpe >= 0.4 AND residual vs LONG_RP >= 0.2 AND >= 70% of neighbours net > 0,pysystemtrade futures panel,"[""w756""]",2,2,2,DISCOVERY,REJECTED,2026-10-09T07:22:08,gen13 net Sharpe by stage {'DISCOVERY': 0.19}
F6_SKEW,13,futures/cross-sectional skewness,REJECTED,"within asset class, rank MINUS 252-day skewness of daily returns; long low-skew third, short high-skew third","Fernandez-Perez, Frijns, Fuertes & Miffre (2018) The skewness of commodity futures returns, JBF",primary net Sharpe >= 0.4 AND residual vs LONG_RP >= 0.2 AND >= 70% of neighbours net > 0,pysystemtrade futures panel,"[""skew126""]",2,2,2,DISCOVERY,REJECTED,2026-10-09T07:22:08,gen13 net Sharpe by stage {'DISCOVERY': -0.15}
F7_COMBO,13,futures/multi-factor,ELIGIBLE_FOR_INDEPENDENT_VALIDATION,"equal-risk combo of ['F0_CT1_TRANSFER', 'F1_TSMOM', 'F2_EWMAC', 'F3_CARRY']",diversification across premia,single look: net Sharpe > 0 AND residual > 0 AND net > 0 at 2x costs,pysystemtrade futures panel,n/a,4,1,4,DISCOVERY;HOLDOUT_LOOK;TEST_LOOK;VALIDATION,ELIGIBLE_FOR_INDEPENDENT_VALIDATION,2026-10-09T07:22:08,"gen13 net Sharpe by stage {'DISCOVERY': 1.51, 'VALIDATION': 0.63, 'TEST': 0.96, 'HOLDOUT': 0.7}"
H16a_XS_MOM,16,crypto/cross-section,REJECTED,past 21-day return (skip 0),"Liu, Tsyvinski & Wu (2022) Common risk factors in cryptocurrency, JF",net Sharpe >= 0.5 AND >= 2/3 neighbours net > 0 (XS factors: long-short spread net of costs),Coin Metrics community,"[""L7"", ""L63""]",1,1,1,TRAIN,REJECTED,2026-10-09T07:48:04,"{""TRAIN"": {""net"": 0.24755410000985834, ""gross"": 0.6073922284664823, ""avg_n"": 18.02185792349727, ""turn_wk"": 1.5463223176337928}}"
H16b_XS_REV,16,crypto/cross-section,REJECTED,MINUS past 7-day return,short-term reversal (liquidity provision),net Sharpe >= 0.5 AND >= 2/3 neighbours net > 0 (XS factors: long-short spread net of costs),Coin Metrics community,"[""L3"", ""L14""]",1,1,1,TRAIN,REJECTED,2026-10-09T07:48:13,"{""TRAIN"": {""net"": -1.2719916501429598, ""gross"": -0.6869660811886301, ""avg_n"": 18.02185792349727, ""turn_wk"": 2.6651357446439414}}"
H16c_XS_MVRV,16,crypto/cross-section,REJECTED,MINUS log(CapMVRVCur) (cheap on-chain valuation = long),MVRV (Mahmudov & Puell 2018); on-chain value hypothesis,net Sharpe >= 0.5 AND >= 2/3 neighbours net > 0 (XS factors: long-short spread net of costs),Coin Metrics community,"[""z365""]",1,1,1,TRAIN,REJECTED,2026-10-09T07:48:20,"{""TRAIN"": {""net"": -0.28783572419086395, ""gross"": -0.15362064720166932, ""avg_n"": 16.868852459016395, ""turn_wk"": 0.508162026194813}}"
H16d_XS_NETGROWTH,16,crypto/cross-section,REJECTED,28-day growth of 7-day-mean AdrActCnt,network-adoption factor (Liu & Tsyvinski 2021; Cong et al. 2022),net Sharpe >= 0.5 AND >= 2/3 neighbours net > 0 (XS factors: long-short spread net of costs),Coin Metrics community,"[""g91""]",1,1,1,TRAIN,REJECTED,2026-10-09T07:48:27,"{""TRAIN"": {""net"": -0.25911858487185974, ""gross"": 0.23357764300025657, ""avg_n"": 17.16393442622951, ""turn_wk"": 1.8192037470725995}}"
H16e_BTC_MVRV_TIMING,16,crypto/on-chain valuation,REJECTED,"BTC long when MVRV below its trailing 4-year median, flat otherwise (and the reverse-rank neighbour: scale = clip(2 - MVRV/median, 0, 1))",MVRV mean reversion,TRAIN >= 0.5 with residual vs B&H >= 0.3; VALIDATION >= 0.3 & resid > 0; OOS >= 0.3 & resid > 0,Coin Metrics btc,scale variant,1,1,1,TRAIN/VAL/OOS,REJECTED,2026-10-09T07:48:27,"{""TRAIN"": {""sharpe"": 0.4805440166495654, ""resid"": -0.37497501478227235, ""bh"": 1.199693285322143, ""share_invested"": 0.5287356321839081}, ""VALIDATION"": {""sharpe"": 0.9237567933952688, ""resid"": -0.0345638059743918, ""bh"": 1.6531287793731833, ""share_invested"": 0.2763337893296854}, ""OOS"": {""sharpe"": 0.3564076862972613, ""resid"": 0.3804725710326011, ""bh"": 0.22846180297444924, ""share_invested"": 0.8178082191"
