a,start,end,n,cap,mvrv,adr,vol,lastcap
perp,2021-02-04,2026-05-23,1935,True,True,True,True,3533616.38306676
usde_eth,2024-06-17,2026-05-23,706,True,True,True,True,4442660005.7505865
pax,2018-11-30,2026-05-23,2732,True,True,True,True,37863800.67683336
tusd,2018-07-06,2026-05-23,2879,True,False,True,True,484624753.43474376
btm_eth,2017-10-02,2025-06-25,2824,True,True,True,True,579180.94560304
pol_eth,2023-10-25,2026-05-23,942,True,True,True,True,970077237.4225805
flow,2021-02-10,2026-05-23,1929,True,False,False,True,58534584.03368962
flow_native,2021-02-10,2026-05-23,1929,True,False,True,False,58534584.03368962
aion_eth,2017-12-22,2023-03-03,1898,True,True,True,False,4728025.566471224
trx_eth,2017-10-07,2018-06-25,262,True,True,True,True,4207049110.70361
wtc,2017-08-28,2024-06-16,2485,True,True,True,True,187430.589496318
usdt,2014-10-06,2026-05-23,4248,True,True,True,True,192764466941.01068
hbtc,2019-12-09,2026-05-23,2358,True,True,True,True,74281964.98253126
ftt,2019-08-20,2026-05-23,2469,True,True,True,True,107183507.72856644
fun,2017-09-02,2026-05-23,3186,True,True,True,True,8326633.016159395
sushi,2020-09-01,2026-05-23,2091,True,True,True,True,60360664.72659891
usdt_avaxc,2021-09-21,2026-05-23,1706,True,True,True,False,1844859733.5437543
frax_eth,2020-12-21,2026-05-23,1980,True,True,True,True,273676842.07136774
fdusd_eth,2023-07-26,2026-05-23,1033,True,True,True,True,259496797.3246877
qash,2017-11-06,2024-12-12,2594,True,True,True,True,18343744.8190392
bnb,2017-07-15,2026-05-23,3235,True,True,True,True,4498109683.69823
busd,2019-09-20,2026-05-23,2438,True,True,True,True,37802032.55014147
neo,2017-07-15,2026-05-23,3235,True,True,True,True,488225785.324285
ant,2017-08-29,2024-11-07,2628,True,True,True,True,252290656.30429107
eos_eth,2017-06-29,2018-06-02,339,True,True,True,False,14816662106.0873
tusd_eth,2018-07-06,2026-05-23,2879,True,False,True,False,314724969.6183985
link,2017-09-29,2026-05-23,3159,True,True,True,True,9556261815.96532
zec,2016-10-29,2026-05-23,3494,True,True,True,True,10585963719.885202
dcr,2016-05-17,2026-05-23,3659,True,True,True,True,293087422.29752725
knc,2017-09-27,2026-05-23,3161,True,True,True,True,1688689.9927610538
avaxx,2020-09-23,2026-05-23,2069,True,False,True,False,217013976.02644697
gas,2017-08-08,2026-05-23,3211,True,True,True,True,73861213.82792075
usdt_eth,2017-11-28,2026-05-23,3099,True,True,True,True,96948600490.89453
zil_eth,2018-01-27,2026-05-23,3039,True,True,True,True,539072.0013233348
ren,2018-12-07,2026-05-23,2725,True,True,True,True,3281803.982450352
nxm,2020-08-26,2026-05-23,2097,True,True,True,False,93768892.70501888
xvg,2017-09-30,2026-05-23,3158,True,True,True,True,5557183280.434811
crv,2020-08-15,2026-05-23,2108,True,True,True,True,557844613.5462767
bal,2020-06-25,2026-05-23,2159,True,True,True,True,10242149.222064245
usdc_eth,2018-09-28,2026-05-23,2795,True,True,True,False,52701687288.61695
srm,2020-08-11,2026-05-23,2112,True,True,True,True,643851.281055376
icp,2021-05-11,2026-05-23,1839,True,True,True,True,1436778140.5800767
swrv,2020-09-22,2025-03-27,1648,True,True,True,True,90072.97060335484
usdt_omni,2014-10-06,2026-05-23,4248,True,True,True,False,886872293.156512
renbtc,2020-05-13,2026-05-23,2202,True,True,True,True,23330610.60012255
dash,2014-02-08,2026-05-23,4488,True,True,True,True,584605745.3510479
husd,2019-07-18,2022-11-17,1219,True,True,True,True,186008672.37377128
ldo,2021-09-11,2026-05-23,1716,True,True,True,True,349901532.284291
buidl_eth,2025-11-06,2026-05-23,199,True,True,True,False,178325787.74580255
lrc_eth,2017-09-02,2026-05-23,3186,True,True,True,False,22909885.55304164
wnxm,2020-08-26,2026-05-23,2097,True,True,True,True,23064228.20362999
vtc,2014-01-29,2023-12-10,3603,True,True,True,True,2690310.502397676
dot,2020-08-20,2026-05-23,2103,True,True,True,True,10926199786.40698
gnt,2017-02-19,2026-05-23,3381,True,True,True,True,28303433.712342154
pay,2017-10-03,2025-06-25,2823,True,True,True,True,287414.12529442186
tusd_trx,2021-03-23,2026-05-23,1888,True,True,True,False,169899783.81634527
avaxp,2020-09-23,2026-05-23,2069,True,True,True,False,2760316626.266203
cro,2019-03-20,2026-05-23,2622,True,True,True,True,6943242806.29929
ada,2017-12-01,2026-05-23,3096,True,True,True,True,8981193769.41899
alpha,2020-10-11,2026-05-23,2051,True,True,True,True,808896.947163568
maid,2014-07-10,2025-01-23,3851,True,True,True,True,143742074.44624653
usdt_trx,2019-04-16,2026-05-23,2595,True,True,True,False,89249102673.25766
usdm_eth,2024-06-18,2025-08-07,416,True,False,True,True,2385068.3247487843
leo_eos,2019-05-21,2026-05-23,2560,True,False,True,False,3095474248.812864
lend,2017-12-09,2026-05-23,3088,True,True,True,True,1125741251.4127457
1inch,2020-12-26,2026-05-23,1975,True,True,True,True,137607710.11993504
doge,2014-01-23,2026-05-23,4504,True,True,True,True,15895894616.481264
dai,2019-11-20,2026-05-23,2377,True,True,True,True,4349491010.03601
avaxc,2020-09-23,2026-05-23,2069,True,True,True,False,1632166556.7191148
eurc_eth,2024-12-13,2026-05-23,527,True,True,True,True,314023825.1864166
uni,2020-09-18,2026-05-23,2074,True,True,True,True,3457633328.67618
zrx,2017-08-11,2026-05-23,3208,True,True,True,True,107291625.417148
gno,2017-05-02,2026-05-23,3309,True,True,True,True,1178719408.14881
paxg,2020-02-15,2026-05-23,2290,True,True,True,True,2125766531.924548
dgb,2015-02-10,2026-05-23,4121,True,True,True,True,65896584.87442919
omg,2017-07-15,2026-05-23,3235,True,True,True,True,8917815.222945714
btg,2017-10-25,2026-05-23,3133,True,True,True,True,5620063.432243109
usdd_eth,2022-06-13,2026-05-23,1441,True,True,True,True,123948106.4208338
ae_eth,2017-09-02,2026-05-23,3186,True,True,True,False,1723158.469693773
usdc_avaxc,2021-11-25,2026-05-23,1641,True,True,True,False,432565773.3251505
hedg,2019-11-02,2022-01-27,818,True,True,True,True,609895969.988969
bch,2017-08-01,2026-05-23,3218,True,True,True,True,7117062802.981137
mana,2017-08-25,2026-05-23,3194,True,True,True,True,192879449.59864476
ht,2019-03-06,2026-05-23,2636,True,True,True,True,71462147.925344
vet_eth,2018-07-14,2026-05-23,2871,True,True,True,False,6757574.4950776
xrp,2014-08-15,2026-05-23,4300,True,True,True,True,135763046775.90692
grin,2019-01-29,2026-05-23,2672,True,False,False,True,6181053.999759712
snx,2020-04-09,2026-05-23,2236,True,True,True,True,107246893.45869182
xem,2015-04-01,2026-05-23,4071,True,False,True,True,5402010.590285576
rev_eth,2020-03-26,2024-03-27,1463,True,True,True,True,3620287.800577599
xtz,2018-06-30,2026-05-23,2885,True,True,True,True,2495048931.206498
drgn,2018-01-03,2026-05-23,3063,True,True,True,True,5240729.075173106
xlm,2015-09-30,2026-05-23,3889,True,True,True,True,15480351891.550192
powr,2017-11-02,2026-05-23,3125,True,True,True,True,64979817.607849
wbtc,2018-11-24,2026-05-23,2738,True,True,True,True,8951267833.345385
bnb_eth,2017-07-15,2019-04-22,647,True,True,True,True,4498109683.69823
matic_eth,2019-04-27,2025-10-22,2371,True,True,True,True,1965467796.61017
uma,2020-09-08,2026-05-23,2084,True,True,True,True,60051255.10052898
usdc_trx,2021-06-09,2026-05-23,1810,True,True,True,False,28360428.47654877
trx,2018-06-25,2026-05-23,2890,False,False,True,True,
sdai_eth,2024-08-08,2026-05-23,654,True,True,True,True,188186553.58473936
eth,2015-08-08,2026-05-23,3942,True,True,True,True,257582954544.10623
poly,2018-06-15,2026-05-23,2900,True,True,True,True,16537905.1354822
sai,2017-12-23,2019-11-30,708,True,True,True,False,84617723.1896654
ltc,2013-04-01,2026-05-23,4801,True,True,True,True,4125643434.024308
mkr,2017-12-26,2026-03-25,3012,True,True,True,True,151871235.0823242
lusd_eth,2021-04-27,2026-05-23,1853,True,True,True,True,28611259.948270448
qnt,2019-03-16,2026-05-23,2626,True,True,True,True,1929958451.1350849
flow_evm,2024-07-31,2026-05-23,662,False,False,False,False,
etc,2016-07-25,2026-05-23,3590,True,True,True,True,1410866334.6448047
yfi,2020-07-25,2026-05-23,2129,True,True,True,True,92084512.54949912
btc,2010-07-18,2026-05-23,5789,True,True,True,True,1534955087416.121
bat,2017-10-06,2026-05-23,3152,True,True,True,True,151580951.8210485
aave,2020-10-10,2026-05-23,2052,True,True,True,True,1385527756.1786704
nas_eth,2017-12-26,2024-12-12,2544,True,True,True,False,181522.0077645897
xaut,2020-01-25,2026-05-23,2311,True,True,True,True,3190857937.512249
gusd,2018-09-16,2026-05-23,2807,True,True,True,True,40487631.71179015
usdc,2018-09-28,2026-05-23,2795,True,True,True,True,72541750173.07324
bsv,2018-11-15,2026-05-23,2747,True,True,True,True,703240917.4636657
snt,2017-06-19,2026-05-23,3261,True,True,True,True,66006321.89138241
lpt,2018-12-20,2026-05-23,2712,True,True,True,True,55112495.12636457
usdk,2020-06-13,2023-04-17,1039,True,True,True,True,490695.48947084736
eos,2018-06-09,2026-05-23,2906,False,False,True,True,
xmr,2014-05-20,2026-05-23,4387,True,False,False,True,7057938108.423521
cvc,2017-09-11,2026-05-23,3177,True,True,True,True,30346682.4138699
leo_eth,2019-05-21,2026-05-23,2560,True,True,True,True,6640626383.32071
pyusd_eth,2023-08-22,2026-05-23,1006,True,True,True,True,2581210781.07215
susde_eth,2024-06-17,2026-05-23,706,True,True,True,True,1803154920.0028017
shib_eth,2021-05-11,2026-05-23,1839,True,True,True,False,5660118528.068313
rep,2016-10-04,2026-05-23,3519,True,True,True,True,10795973.309530802
qtum_eth,2017-07-28,2026-05-23,3222,True,True,True,False,92943984.4104609
elf,2017-12-22,2026-05-23,3075,True,True,True,True,64226345.81120245
weth,2017-12-12,2026-05-23,3085,True,True,True,True,4805146689.692069
algo,2019-06-22,2026-05-23,2528,True,True,True,True,1146310461.10811
ppt,2017-09-20,2022-09-12,1819,True,True,True,True,2713491.3950516847
loom,2018-05-03,2025-12-08,2777,True,True,True,True,527028.047917888
comp,2020-06-18,2026-05-23,2166,True,True,True,True,199732113.716623
icx_eth,2017-09-23,2026-05-23,3165,True,True,True,False,15236503.44070655
crvusd_eth,2024-06-17,2026-05-23,706,True,True,True,True,2088439741.479344
