,asset_class,cost_over_vol,included,reasons
SILVER,Metals,0.0025676949554732046,True,
SOYOIL,Ags,0.0030444791078960364,True,
CAD,FX,0.0010416208589956737,True,
CHF,FX,0.0008448728257493098,True,
SOYMEAL,Ags,0.0017085732341161996,True,
PLAT,Metals,0.0020363646811995557,True,
OJ,Ags,0.022787900169072887,False,cost/vol 0.023
OATIES,Ags,0.01066902908694255,False,cost/vol 0.011
CORN_mini,Ags,0.00514708647225434,True,
WHEAT_mini,Ags,0.004686161761024883,True,
COTTON2,Ags,0.0032682529757371488,True,
SUGAR11,Ags,0.0020567031248803014,True,
COCOA,Ags,0.007773879872113214,True,
LIVECOW,Ags,0.0030849295995974612,True,
CORN,Ags,0.0034775854636330365,True,
WHEAT,Ags,0.002307125665709698,True,
LEANHOG,Ags,0.0020232972834531952,True,
GOLD,Metals,0.0015428218844331352,True,
GBP,FX,0.0006223216371102065,True,
JPY,FX,0.0005114806498862634,True,
FEEDCOW,Ags,0.0035682617315794486,True,
PALLAD,Metals,0.007285242165045164,True,
US20,Bond,0.00141461190366027,True,
HEATOIL,OilGas,0.0013676472733995533,True,
CANOLA,Ags,0.003400763792535259,True,
SOYBEAN_mini,Ags,0.003668160917737084,True,
SP500,Equity,0.0008052769939504654,True,
GASOILINE,OilGas,0.0008114153555262355,True,
GASOILINE_micro,OilGas,0.02249264345624962,False,cost/vol 0.022
US10,Bond,0.001324678580102398,True,
GILT,Bond,0.0005730170811543803,True,
GASOIL,OilGas,0.0011699909270336394,True,
SOFR,Bond,0.0031325190341564904,True,
DX,FX,0.0006457976158589114,True,
FTSE100,Equity,0.0006573096290654436,True,
SOYBEAN,Ags,0.0015880781394200178,True,
AUD,FX,0.0006647279766550616,True,
BRENT_W,OilGas,0.0006424284564170731,True,
HANG,Equity,0.0004971352061896768,True,
RICE,Ags,0.005916877335846323,True,
BRENT-LAST,OilGas,0.0005125233822895201,True,
EURIBOR-ICE,Bond,0.002993661157027877,True,
EURIBOR,Bond,0.009750008309292346,True,
FED,Bond,0.003933861211224446,True,
US3,Bond,0.0012086318827423147,True,
SUGAR_WHITE,Ags,0.00026911117744435326,False,broken vol
COCOA_LDN,Ags,0.012003034891833977,False,cost/vol 0.012
GAS_US,OilGas,0.001008506655383351,True,
CRUDE_W,OilGas,0.001015550317396008,True,
IBEX,Equity,0.00014525146879652544,True,
COPPER,Metals,0.0008401072528856097,True,
CAD10,Bond,0.0010580067983154652,True,
WHEAT_ICE,Ags,0.03515378039497542,False,cost/vol 0.035
FTSE250,Equity,0.005921124683547472,True,
COPPER-mini,Metals,0.003000361091514188,True,
GICS,Ags,0.00618613762142654,True,
MILK,Ags,0.00843733100042971,True,
REDWHEAT,Ags,0.001626248366973315,True,
BRE,FX,0.0008871021764950231,True,
MXP,FX,0.0011173810381913745,True,
ZAR,FX,0.0010482385538963604,True,
GBPEUR,FX,0.0011873745959608566,True,
YENEUR,FX,0.0009383054088636406,True,
EURCHF,FX,0.0015615442668267432,True,
JGB-SGX-mini,Bond,0.002322461895281084,True,
EUR,FX,0.0004364680737867151,True,
NASDAQ,Equity,0.0005727731775601395,True,
SP400,Equity,0.00146448222697849,True,
US2,Bond,0.001597103958371945,True,
DOW_mini,Equity,0.00044884548471607117,True,
DAX,Equity,0.0007404245338678563,True,
HIGHYIELD,Bond,0.003576712396569199,True,
MSCISING,Equity,0.0012220473374852231,True,
MILLWHEAT,Ags,0.004500269659188539,True,
SGX,Equity,0.007662743426409191,True,
JGB,Bond,0.001283771607593046,True,
CH10,Bond,0.034614097685296545,False,cost/vol 0.035
NOK,FX,0.002035029379526967,True,
RUR,FX,0.00018117808975924007,True,
SEK,FX,0.0021133951788438582,True,
NZD,FX,0.0006041973171113897,True,
MILKWET,Ags,0.10611877680018901,False,cost/vol 0.106; stale
CRUDE_ICE,OilGas,0.0003401177011943932,True,
OMX,Equity,0.1250217705982629,False,cost/vol 0.125
VIX,Vol,0.0031428307015826614,True,
CZK,FX,0.017636220631098345,False,cost/vol 0.018
EU-BANKS,Sector,0.0016440300854855658,False,class Sector
HEATOIL-ICE,OilGas,0.0009542824427025064,True,
ETHANOL,OilGas,0.0012813043149831752,False,stale
BUTTER,Ags,0.029307234498750993,False,cost/vol 0.029
EURO600,Equity,0.0014122379730660774,True,
PLN,FX,0.0022465105132817753,True,
SMI-MID,Equity,0.024408643318372395,False,cost/vol 0.024
GAS-LAST,OilGas,0.0011607203467944441,True,
BUND,Bond,0.000791851872379879,True,
IRS,FX,0.02865198140691512,False,cost/vol 0.029
COAL,OilGas,0.025729546460755905,False,cost/vol 0.026
GAS-PEN,OilGas,0.0008247868755583673,True,
COFFEE,Ags,0.002373620149535307,True,
BBCOMM,Ags,0.004441734596668527,True,
COTTON,Ags,0.0009347504631472942,True,
SHATZ,Bond,0.003170068860148728,True,
US30,Bond,0.0008135557117331884,True,
BOBL,Bond,0.0015965155416240032,True,
WHEY,Ags,0.045397465636575624,False,cost/vol 0.045
STEEL,Metals,0.027698905246073366,False,cost/vol 0.028
ROBUSTA,Ags,0.005242041685777723,True,
CAC,Equity,0.000638296826912937,True,
COAL-GEORDIE,OilGas,0.08658626391263395,False,cost/vol 0.087
AEX,Equity,0.001491859251289114,True,
MSCIEAFA,Equity,0.000635899115559431,True,
CAD5,Bond,0.0019400613859219728,True,
CHEESE,Ags,0.0060344865391475455,True,
TOPIX,Equity,0.0009579049511404072,True,
BTP,Bond,0.0006424750790046724,True,
EU-DIV30,Equity,0.002504868804655631,True,
FTSECHINAA,Equity,0.001429631554056868,True,
NIKKEI,Equity,0.000897652131641914,True,
US-MATERIAL,Sector,0.0027100849288669276,False,class Sector
US-UTILS,Sector,0.001841142643195231,False,class Sector
US-DISCRETE,Sector,0.002352809894434577,False,class Sector
BTP3,Bond,0.0016799795277117797,True,
US-STAPLES,Sector,0.0023503347487126634,False,class Sector
US-FINANCE,Sector,0.001885941845678526,False,class Sector
US-TECH,Sector,0.0025976183443593708,False,class Sector
CNH,FX,0.0007741332082509277,True,
US-HEALTH,Sector,0.002268785469956639,False,class Sector
OAT,Bond,0.0009997227771509742,True,
V2X,Vol,0.0048630122869638415,True,
SUGAR16,Ags,0.11216947457264707,False,cost/vol 0.112
US-ENERGY,Sector,0.0015308748030189113,False,class Sector
EUROSTX-SMALL,Equity,0.012355867679424934,False,cost/vol 0.012
IRON,Metals,0.0030093690031213404,True,
DJSTX-SMALL,Equity,0.01320392138585521,False,cost/vol 0.013
EU-MID,Sector,0.010594530059508023,False,class Sector; cost/vol 0.011
US-INDUSTRY,Sector,0.002263453109335872,False,class Sector
RUSSELL_mini,Equity,0.00041642724096472243,True,
EUROSTX-LARGE,Equity,0.009268418364236648,True,
BOVESPA,Equity,0.02598131495500864,False,cost/vol 0.026
EUROSTX200-LARGE,Sector,0.014604652777511447,False,class Sector; cost/vol 0.015
KOSPI,Equity,0.0027949703302470865,True,
EU-UTILS,Sector,0.0055730923461286205,False,class Sector
EU-TRAVEL,Sector,0.004012753528210096,False,class Sector
MILKDRY,Ags,0.038778676306566125,False,cost/vol 0.039
EU-DJ-TELECOM,Sector,0.0045889212084595735,False,class Sector
EUROSTX,Equity,0.0009978660872128424,True,
SMI,Equity,0.000911541801266162,True,
US-REALESTATE,Sector,0.0016903100948751052,False,class Sector
KR10,Bond,0.0016087133200649905,True,
KR3,Bond,0.00442247577825777,True,
US10U,Bond,0.0010416064535640611,True,
CLP,FX,0.000254426952399461,True,
EU-AUTO,Sector,0.00243431659985231,False,class Sector
EU-REALESTATE,Sector,0.004924786046185131,False,class Sector
INR,FX,0.002743783894503064,True,
EU-DJ-UTIL,Sector,0.0042692502418471235,False,class Sector
BUXL,Bond,0.0004574856662675384,True,
R1000,Equity,0.0019770857623872306,True,
BONO,Bond,0.004578026519397079,True,
CNH-onshore,FX,0.09377859216026942,False,cost/vol 0.094
US-PROPERTY,Sector,0.002584400423561716,False,class Sector
EU-HEALTH,Sector,0.007028597445672261,False,class Sector
BITCOIN,Metals,0.003877960248413865,False,crypto
EU-DJ-OIL,Sector,0.0034835259768554775,False,class Sector
MUMMY,Equity,0.002148722238050935,True,
EU-BASIC,Sector,0.0022955923006486726,False,class Sector
FANG,Equity,0.013176020855972071,False,cost/vol 0.013
EU-OIL,Sector,0.0026594713013574434,False,class Sector
JP-REALESTATE,Sector,0.0028225226601150968,False,class Sector
EU-TECH,Sector,0.0033641761658437844,False,class Sector
EU-MEDIA,Sector,0.007335426044442968,False,class Sector
EU-DJ-TECH,Sector,0.005463111307703326,False,class Sector
ALUMINIUM,Metals,0.0022327490826391824,True,
SONIA3,Bond,0.0020650830258991397,True,
EU-FOOD,Sector,0.003998456861906551,False,class Sector
EU-RETAIL,Sector,0.006532592265091186,False,class Sector
FTSETAIWAN,Equity,0.0007501507013821883,True,
SGD_mini,FX,0.004992219317714602,True,
FTSEINDO,Equity,0.047186061301163665,False,cost/vol 0.047
EU-INSURE,Sector,0.00553341626205777,False,class Sector
SGD,FX,0.0027543145221888745,True,
EU-CHEM,Sector,0.005279458909209534,False,class Sector
ETHEREUM,Metals,0.0009618926456110814,False,crypto
ETHER-micro,Metals,0.0034351878942871727,False,crypto
KOSDAQ,Equity,0.0009563115923530343,True,
FTSECHINAH,Equity,0.0028925334921076407,True,
EU-CONSTRUCTION,Sector,0.00412398658313874,False,class Sector
EU-HOUSE,Sector,0.00750267973464507,False,class Sector
KRWUSD_mini,FX,0.003199832671465752,True,
HANGTECH,Equity,0.00021916042938255662,True,
MSCIASIA,Equity,0.0030259149816515467,True,
VNKI,Vol,0.023463728070624912,False,cost/vol 0.023
KRWUSD,FX,0.004367935119475512,True,
CAD2,Bond,0.0023701492537420814,True,
RUBBER,Other,0.005852341160215828,False,class Other
EURCAD,FX,0.0018960424058897464,True,
GBPJPY,FX,0.0014678346024499193,True,
EURAUD,FX,0.001496645107960126,True,
AUDJPY,FX,0.0015308407804236592,True,
GBPCHF,FX,0.0026701357724654585,True,
CHFJPY,FX,0.0016267165214682833,True,
HOUSE-US,Housing,0.17571888182481624,False,class Housing; cost/vol 0.176
MSCIWORLD,Equity,0.015800486673258615,False,cost/vol 0.016
EPRA-EUROPE,Housing,0.008063124779081358,False,class Housing
TWD,FX,0.000410891684282858,True,
TWD-mini,FX,0.007961751621502502,True,
SWISSLEAD,Equity,0.058020294532029316,False,cost/vol 0.058
BB3M,Bond,0.0275482930166769,False,cost/vol 0.028
FTSEVIET,Equity,0.061920058345481484,False,cost/vol 0.062
SPI200,Equity,0.0008874285519292983,True,
GASOILINE_ICE,OilGas,0.0005997021629351981,True,
CHINAA-CON,Equity,0.0031692054268546857,True,
EUA,OilGas,0.0007507622907384109,True,
MSCITAIWAN,Equity,0.001659808679501016,True,
SARONA,Bond,0.0026081071281242123,True,
IG,Bond,0.003006991703115024,True,
HANGENT_mini,Equity,0.001831134582931583,True,
HANGENT,Equity,0.0007282817672609917,True,
LUMBER-new,Ags,0.004303270601951573,True,
MIB,Equity,0.0010375836306690323,True,
COPPER_LME,Metals,0.0015548622033164144,True,
ALUMINIUM_LME,Metals,0.00270252095527997,True,
NICKEL_LME,Metals,0.0019935384663586388,True,
ZINC_LME,Metals,0.0029206928307388322,True,
LEAD_LME,Metals,0.0066964880304889235,True,
TIN_LME,Metals,0.016292314201790413,False,cost/vol 0.016
MSCIEMASIA,Equity,0.0002201575170226804,True,
