,start,end,n_days,max_gap_days,abs_ret_gt_25pct,max_abs_ret,nonpositive_price_days,longest_zero_return_run,ann_vol,median_cost_bp,carry_coverage
AEX,2009-08-19,2024-03-28,3749,5,0,0.10587002096436059,0,3,0.18406845837343297,2.7460423249493116,0.25015009005403244
AEX_mini,2009-07-17,2024-03-28,3765,8,0,0.10587002096436059,0,15,0.18432575501903248,49.94856442887559,0.25121739710492963
ALUMINIUM,2019-12-16,2024-03-28,1026,12,0,0.08985750209555741,0,10,0.24298778574370122,5.425307557117751,0.06844106463878327
ALUMINIUM_LME,2023-06-02,2024-03-28,211,5,0,0.036517479403250945,0,1,0.17395260437503282,4.701105585490524,0.014141818424387966
AUD,1987-06-17,2024-03-28,9404,6,0,0.09502848265147587,0,2,0.11662290002688817,0.775225043665189,0.6187045560669735
AUDJPY,2021-12-15,2024-03-28,590,4,0,0.04254149719687814,0,2,0.11664074163076016,1.7855840394722728,0.039423654192515506
AUD_micro,1987-03-17,2024-03-28,9467,6,0,0.0950284826514758,0,2,0.1165178195740981,1.3584398117014123,0.6176372490160763
BB3M,2022-03-16,2024-03-28,511,5,0,0.009276829011174464,0,1,0.014481311540914157,3.989354135948881,0.02975118404375959
BBCOMM,2006-12-13,2024-03-28,4252,17,0,0.11307643714466224,0,2,0.17821054767083638,7.915639550807997,0.2801681008605163
BITCOIN,2017-12-26,2024-03-28,1827,4,2,0.27648980861988487,0,11,0.6733103982047723,26.110709590818175,0.12193983056500567
BOBL,2008-03-06,2024-03-28,4140,6,0,0.018767675036421145,0,3,0.03485254717422887,0.5564263322884013,0.27623240611033284
BONO,2016-03-03,2024-03-28,2060,6,0,0.03918622848200307,0,1,0.07398425321339863,3.387018732287275,0.1332132612901074
BOVESPA,2012-12-13,2024-03-28,2627,11,0,0.14439514687637992,0,3,0.24863865700802915,64.59959257715971,0.1707691281435528
BRE,1995-12-04,2024-03-28,7274,19,0,0.09677430561112882,0,9,0.15966256698385095,1.416370106761566,0.4852911747048229
BRENT-LAST,2020-08-28,2024-03-28,902,4,0,0.12358276643990945,0,1,0.34894517979751566,1.7884256378344743,0.060236141685011006
BRENT_W,1989-08-14,2024-03-28,9437,5,4,0.3056716417910447,0,2,0.3389567255700965,2.1775544600018253,0.4812220665732773
BTP,2010-03-05,2024-03-28,3578,6,0,0.06760194249595322,0,1,0.10070774108050302,0.6470221390707827,0.14795543993062504
BTP3,2011-09-08,2024-03-28,3199,6,0,0.02669404517453793,0,3,0.038005773171697475,0.6384892086330936,0.20932559535721432
BUND,2006-12-04,2024-03-28,4473,6,0,0.027321588533890686,0,2,0.06277475709155639,0.4970830894114101,0.28330331532252684
BUTTER,2005-10-11,2024-03-28,4702,5,0,0.12269938650306748,0,6,0.1884002651649516,55.21490750816104,0.3137215662730972
BUXL,2015-12-04,2024-03-28,2138,5,0,0.06226578264629567,0,2,0.14896825311064157,0.6815084052703316,0.04502701620972584
CAC,2009-04-17,2024-03-28,3837,5,0,0.1308359881357794,0,4,0.2087153106410221,1.3322232051031235,0.25602027883396705
CAD,1972-09-15,2024-03-28,13743,5,0,0.0525364657286691,0,15,0.06520276798594028,0.6791656319841073,0.9132813021146021
CAD10,1993-05-25,2024-03-28,7716,42,0,0.02652847770276701,0,2,0.0623105734346388,0.6592501030078287,0.30391568274297914
CAD2,2021-06-02,2024-03-28,702,5,0,0.010078007655409723,0,2,0.019926557615763566,0.47228915662650606,0.013074511373490761
CAD5,2009-06-03,2024-03-28,3701,6,0,0.013682704346270804,0,3,0.03371198506958005,0.6540332047627033,0.15796144353278635
CAD_micro,1972-09-15,2024-03-28,13741,5,0,0.0525364657286691,0,15,0.06520964213132212,1.14228954556742,0.1675005003001801
CANOLA,1978-01-17,2024-03-28,11557,7,0,0.09058139534883718,0,2,0.18335251122656804,6.235385814497272,0.7551197385097725
CH10,2001-12-05,2024-03-28,5591,27,0,0.02467726980957121,0,2,0.05005491535933341,17.32605729877217,0.3730238142885731
CHEESE,2010-07-09,2024-03-28,3631,5,0,0.10460992907801395,0,4,0.21500769647673224,12.974610502019619,0.24227870055366554
CHF,1972-09-15,2024-03-28,13714,5,0,0.16437378987058007,0,4,0.11175167927591091,0.9441595705206944,0.9113468080848509
CHFJPY,2021-12-15,2024-03-28,589,4,0,0.036122448979591854,0,1,0.09743666769253903,1.5850183713226815,0.03935694750183443
CHF_micro,1972-09-15,2024-03-28,13714,5,0,0.16437378987057985,0,4,0.11176222620999508,1.9260855238622168,0.9112801013941698
CHINAA-CON,2022-07-18,2024-03-29,443,4,0,0.04764243614931249,0,3,0.1809723785492296,5.735386442090189,0.029617770662397437
CLP,2015-01-02,2024-03-28,2338,4,0,0.14670138888897566,0,13,0.14459632775948794,0.3678920300000009,0.15602694950303517
CNH,2013-05-08,2024-03-29,2941,4,0,0.03391544412699425,0,1,0.044813126550197535,0.3469132942805924,0.18217597225001667
CNH-onshore,2015-12-15,2024-03-28,1925,18,0,0.030641557612511958,0,12,0.052331694838477674,49.075926673132734,0.12687612567540524
COAL,2006-09-13,2024-03-28,4396,7,5,0.4469453376205787,0,10,0.40911269088907826,105.26283987915409,0.29324261223400705
COAL-GEORDIE,2008-12-17,2024-03-28,3777,8,1,0.4999999999999998,0,12,0.3768811810756794,326.32733408323963,0.25201787739310255
COCOA,1970-03-26,2024-03-28,13526,8,0,0.12919051512673754,0,2,0.28625920150035306,22.253446447507955,0.877726635981589
COCOA_LDN,1989-03-29,2024-03-28,8843,6,0,0.10746268656716418,0,2,0.24042896418445098,28.858772461134667,0.5899539723834301
COFFEE,2007-02-21,2024-03-28,4308,5,0,0.11462705844365643,0,3,0.3106012071105631,7.3724928366762175,0.28743913014475353
COPPER,1995-09-05,2024-03-28,7621,5,0,0.12249024989166518,0,4,0.2538644293283498,2.1327334832841296,0.5084383963711561
COPPER-micro,1995-02-16,2024-03-28,7762,5,0,0.12797938587073224,0,4,0.2529641046973811,4.860377358490567,0.5178440397571876
COPPER-mini,1995-03-01,2024-03-28,7483,5,0,0.12249024989166532,0,2,0.2579749914359791,7.740181268882175,0.4992328730571676
COPPER_LME,2023-06-02,2024-03-28,211,5,0,0.03119212962962963,0,0,0.15331202747144027,2.3837907682915027,0.014141818424387966
CORN,1972-10-19,2024-03-28,13021,17,0,0.0904799370574351,0,4,0.22421950482016886,7.797424906256168,0.7877393102528184
CORN_mini,1970-08-19,2024-03-28,13585,5,0,0.0904799370574351,0,2,0.2300051706191061,11.838565022421525,0.8901340804482689
COTTON,2007-02-23,2024-03-28,4190,46,0,0.09402728115481387,0,23,0.2782907958721548,2.601324503311258,0.2795677406443866
COTTON2,1970-03-11,2024-03-28,13546,22,0,0.10131859608299401,0,2,0.22960683542902352,7.5041322314049586,0.8927356413848309
CRUDE_ICE,2006-02-21,2024-03-28,5221,4,4,0.482341557813256,0,1,0.41221993143569824,1.4020329546642005,0.34307251017277035
CRUDE_W,1990-10-17,2024-03-28,8603,7,0,0.20377925703242442,0,2,0.2787346343451166,2.8306904637844337,0.5662730971916483
CRUDE_W_micro,1988-11-04,2024-03-28,8985,5,2,0.2789680804547443,0,18,0.3069627879835888,5.332470024012111,0.5994263224601427
CRUDE_W_mini,1988-11-04,2024-03-28,8985,5,2,0.27896808045474436,0,6,0.3073339530603765,6.075129816829992,0.5994263224601427
CZK,2004-09-14,2024-03-28,4916,4,0,0.05056244041944712,0,3,0.11740017715840648,20.70495426495689,0.3279967980788473
DAX,2000-03-14,2024-03-28,6115,6,0,0.12836185819070906,0,1,0.22888073188124297,1.6946890921450313,0.09278900673737576
DJSTX-SMALL,2013-03-11,2024-03-28,2756,7,0,0.10455192034139416,0,1,0.18348737001601317,24.22752808988764,0.17957441131345475
DOW,2002-06-13,2024-03-28,6185,5,0,0.13596176821983275,0,1,0.1727076534156242,1.5761255732833794,0.0926555933560136
DOW_mini,2002-06-13,2024-03-28,6185,5,0,0.13596176821983275,0,1,0.1726972312211036,0.7751437245655965,0.09272230004669468
DX,1986-08-19,2024-03-28,10145,7,0,0.03415516851391084,0,1,0.08175437540425705,0.5279678072210363,0.6761390167433794
EPRA-EUROPE,2021-12-16,2024-03-28,584,5,0,0.06682741991043747,0,1,0.26404054483447614,21.28991859737007,0.03902341404842906
ETHANOL,2005-05-18,2024-03-28,4750,5,0,0.10402684563758399,0,421,0.25356033699558694,3.2488795390103355,0.3169234874257888
ETHER-micro,2021-02-12,2024-03-28,892,5,0,0.23830357142857142,0,2,0.7333540539582865,25.192089683839274,0.059569074778200254
ETHEREUM,2021-02-12,2024-03-28,899,4,0,0.23830357142857142,0,1,0.7334621378362925,7.055118362189111,0.06003602161296778
EU-AUTO,2015-06-16,2024-03-28,2241,6,0,0.1409788166544922,0,1,0.27147397679392216,6.6085360813736544,0.14582082582883063
EU-BANKS,2005-06-13,2024-03-28,4788,6,0,0.1918678526048284,0,2,0.3362983562562485,5.528846153846154,0.06016943499432993
EU-BASIC,2018-03-13,2024-03-28,1541,6,0,0.11685306594677972,0,1,0.29729341717600793,6.824644795027777,0.03882329397638583
EU-CHEM,2020-09-17,2024-03-28,901,5,0,0.06529209621993132,0,1,0.17852932566584417,9.425382389417114,0.05590020679074111
EU-CONSTRUCTION,2020-12-16,2024-03-28,838,5,0,0.054889833784306105,0,2,0.19673294162873134,8.113240117383048,0.05209792542191982
EU-DIV30,2009-12-15,2024-03-28,3455,31,0,0.23368183102571347,0,3,0.20272117991322416,5.077899596076169,0.05763458074844907
EU-DJ-OIL,2017-06-13,2024-03-28,1722,6,0,0.1647479158396189,0,38,0.25688184674814013,8.94854586129754,0.11073310653058502
EU-DJ-TECH,2018-06-12,2024-03-28,1446,32,0,0.24363546919198148,0,24,0.28464071768999033,15.550239234449762,0.09225535321192715
EU-DJ-TELECOM,2014-06-18,2024-03-28,2481,6,0,0.12629107981220647,0,2,0.18598817134580548,8.534850640113799,0.16143019144820225
EU-DJ-UTIL,2015-09-15,2024-03-28,2143,30,0,0.15238981998758525,0,2,0.19826267362292904,8.46432967313947,0.13868320992595556
EU-FOOD,2020-06-17,2024-03-28,969,5,0,0.05359555622278927,0,2,0.1413624607592186,5.652317012386932,0.060836501901140684
EU-HEALTH,2016-12-13,2024-03-28,1855,6,0,0.08510638297872335,0,1,0.15588393882621163,10.95645454255242,0.11980521646321125
EU-HOUSE,2020-12-16,2024-03-28,831,5,0,0.060036248300860774,0,1,0.17620644630193721,13.220205337833692,0.032953105196451206
EU-INSURE,2020-09-11,2024-03-28,906,5,0,0.08726812816188878,0,1,0.1860098378554114,10.292698616918624,0.03001801080648389
EU-MEDIA,2018-06-14,2024-03-28,1463,6,0,0.10195412064570943,0,2,0.19789076264736366,14.516130542781532,0.09345607364418651
EU-MID,2013-03-13,2024-03-28,2742,7,0,0.12918139787870547,0,1,0.176385573560845,18.687222611539358,0.1829764525381896
EU-OIL,2018-03-13,2024-03-28,1520,32,0,0.18800648298217182,0,1,0.2839631863046589,7.551919446192573,0.09759188846641319
EU-REALESTATE,2015-06-15,2024-03-28,2184,30,0,0.11374407582938383,0,2,0.22761272109895467,11.2094395280236,0.14135147755319857
EU-RETAIL,2020-06-18,2024-03-28,961,5,0,0.0571690614490981,0,2,0.23096864028730058,15.088239530194484,0.060569675138416386
EU-TECH,2018-03-13,2024-03-28,1510,32,0,0.10337791883926552,0,1,0.25856608054692276,8.698618454716017,0.09692482155960243
EU-TRAVEL,2014-03-19,2024-03-28,2507,30,0,0.1150997150997152,0,2,0.2524664630016579,10.130856901646265,0.03255286505236475
EU-UTILS,2014-03-17,2024-03-28,2551,6,0,0.08591885441527441,0,1,0.18446444439265428,10.2803738317757,0.16623307317723968
EUA,2022-07-15,2024-03-28,439,5,0,0.08413391557496362,0,0,0.37284243478433743,2.799160404231757,0.02935094389967314
EUR,1999-06-16,2024-03-28,6245,14,0,0.03167525178749914,0,1,0.09432793307479347,0.4117113125343728,0.41298112200653725
EURAUD,2021-12-15,2024-03-28,590,4,0,0.02075621364357489,0,1,0.08733688899729347,1.3071232766225584,0.039423654192515506
EURCAD,2021-12-14,2024-03-28,591,4,0,0.01396184683439314,0,1,0.07086493243296353,1.343629169834105,0.03949036088319659
EURCHF,2000-03-15,2024-03-28,6618,4,0,0.17187369824210572,0,2,0.06789339873162611,1.0601854754475284,0.4415315856180375
EURIBOR,1989-04-24,2024-03-28,8920,6,0,0.004317789291882618,0,22,0.008486885821716804,0.8274720728175423,0.5950903875658728
EURIBOR-ICE,1989-04-24,2024-03-28,8923,6,0,0.004317789291882618,0,5,0.008639092240025754,0.2586251487094605,0.5951570942565539
EURO600,2005-12-14,2024-03-28,4658,6,0,0.12572721396250802,0,2,0.19635594023514436,2.773013150371641,0.05936895470615703
EUROSTX,2014-03-14,2024-03-28,2465,13,0,0.1130804679191776,0,1,0.19582016199824603,1.954022988505747,0.1642985791474885
EUROSTX-LARGE,2013-03-13,2024-03-28,2647,29,0,0.21386543873113334,0,4,0.19212888957716664,17.807309284574064,0.17663931692348742
EUROSTX-SMALL,2013-03-13,2024-03-28,2803,6,0,0.11222063718497395,0,2,0.17490477014919248,21.611001964636543,0.18704556066973518
EUROSTX200-LARGE,2013-03-13,2024-03-28,2572,13,0,0.11577380952380946,0,1,0.17363971270328363,25.35947712418301,0.1716363151224068
EUR_micro,1999-06-16,2024-03-28,6245,14,0,0.03167525178749914,0,1,0.09433957959189394,0.7751250715885033,0.40677739977319727
EUR_mini,1999-03-16,2024-03-28,6311,14,0,0.03167525178749914,0,1,0.0943143022622671,0.7012262156448201,0.4139150156760723
FANG,2017-12-13,2024-03-28,1531,77,0,0.1148169377373361,0,1,0.32394327168177933,42.68283303830951,0.013541458208258288
FED,1990-03-14,2024-03-28,8879,8,0,0.026919989296226927,0,33,0.008956527198385475,0.35233734933005384,0.5864852244680141
FEEDCOW,1977-02-02,2024-03-28,11882,18,0,0.05887521968365569,0,4,0.15058030546504614,5.3730994152046785,0.7374424654792876
FTSE100,1984-05-22,2024-03-28,10061,6,0,0.15399568034557234,0,2,0.18181521784886673,1.1950889340269142,0.5751450870522313
FTSE250,1994-03-15,2024-03-28,7502,80,0,0.09148629148629149,0,3,0.16086879436060791,9.525241891011179,0.2461476886131679
FTSECHINAA,2011-03-09,2024-03-29,3362,10,0,0.17701785265275333,0,2,0.24986837386754407,3.5721971164191952,0.22226669334934293
FTSECHINAH,2020-12-30,2024-03-29,886,21,0,0.216199505358615,0,1,0.35197064941270056,10.180868916651129,0.05823494096457875
FTSEINDO,2020-10-27,2024-03-28,909,12,0,0.0544069640914037,0,3,0.1519783166372714,71.7125816529395,0.0583683543459409
FTSETAIWAN,2020-11-10,2024-03-29,959,14,0,0.05801413164745258,0,1,0.15926569396562698,1.1947327203443603,0.05663398038823294
FTSEVIET,2021-10-22,2024-03-28,505,14,0,0.13740141137401413,0,2,0.2644248225932541,163.73200442967885,0.0326862784337269
GAS-LAST,2006-12-27,2024-03-28,4530,8,0,0.17675900956116655,0,13,0.44358969434028855,5.148835838491012,0.30211460209459007
GAS-PEN,2006-06-26,2024-03-27,4381,9,2,0.4486013385961899,0,13,0.4827053636115422,3.981290486684295,0.2920418918017477
GASOIL,1986-06-17,2024-03-28,10180,8,0,0.24227318045862412,0,2,0.3031170083318158,3.546441495778046,0.6787405776799413
GASOILINE,1985-01-16,2024-03-28,10591,5,1,0.2790277549679751,0,5,0.31748040113393944,2.5760847255870734,0.7065572676939497
GASOILINE_ICE,2022-08-01,2024-03-28,443,4,0,0.06868353035888315,0,0,0.3498078771913551,2.097805405634258,0.029084117136948837
GASOILINE_micro,1985-01-18,2024-03-28,10586,5,2,0.3269574544154448,0,3,0.34888037425692076,78.47241867043847,0.7062237342405443
GAS_US,1990-07-27,2024-03-28,8535,7,0,0.20639442861665117,0,2,0.43748389437578394,4.412054191010051,0.43699553065172436
GAS_US_mini,1990-05-24,2024-03-28,8617,5,0,0.16803884314967266,0,4,0.4240757383613743,11.080589414797938,0.5745447268361017
GBP,1975-12-17,2024-03-28,12325,5,0,0.0816614104542709,0,3,0.1015364550197489,0.6318833291425697,0.8222266693349343
GBPCHF,2021-12-15,2024-03-28,590,4,0,0.03250251072765439,0,1,0.07651542357954365,2.0430656964508653,0.03909012073911013
GBPEUR,1999-03-15,2024-03-28,6938,4,0,0.05967741935483872,0,2,0.08004172510748123,0.9503951100950547,0.45914215195784136
GBPJPY,2021-12-14,2024-03-28,591,4,0,0.03803919189467943,0,1,0.10974245105768203,1.6108376702013243,0.03949036088319659
GBP_micro,1975-09-16,2024-03-28,12369,6,0,0.08166141045427106,0,3,0.10147529220869464,1.0022607385079125,0.8158228270295511
GICS,1994-02-07,2024-03-28,7470,30,0,0.17279411764705882,0,26,0.2329671506632926,14.411668552747393,0.49836568607831366
GILT,1983-03-28,2024-03-28,10363,6,0,0.052979414951245946,0,2,0.07713023402828695,0.44196941571643245,0.6913481422186646
GOLD,1975-04-02,2024-03-28,12399,7,0,0.1023541453428864,0,2,0.18824174523947276,2.904234841193455,0.8244279901274097
GOLD-mini,1975-01-30,2024-03-28,12465,5,0,0.1023541453428864,0,4,0.18798365010927717,6.675490410686012,0.8315656060302848
GOLD_micro,1975-04-02,2024-03-28,12427,5,0,0.1023541453428864,0,4,0.1880276866241264,3.964440172993753,0.829030751784404
HANG,1986-05-26,2024-03-28,9321,7,1,0.25832376578645233,0,2,0.2771786706612302,1.3779527559055118,0.5353211927156294
HANGENT,2022-07-27,2024-03-28,416,6,0,0.08617826167189518,0,1,0.3041665977371464,2.2151898734177213,0.027416449869921953
HANGENT_mini,2022-07-22,2024-03-28,419,6,0,0.08562465399520207,0,1,0.3026017340407844,5.541045000571455,0.018811286772063236
HANGTECH,2020-12-22,2024-03-28,807,6,0,0.20759056929269695,0,1,0.42054080552017326,0.9216590351068741,0.04422653592155293
HANG_mini,2001-09-21,2024-03-28,5554,6,0,0.12008232407187525,0,1,0.23877360201262007,1.7327775956540066,0.3655526649322927
HEATOIL,1980-02-20,2024-03-28,11613,5,1,0.26555856204097555,0,2,0.30107681792390534,4.117668891174429,0.7744646788072844
HEATOIL-ICE,2006-06-01,2024-03-28,4751,4,0,0.22451713743440915,0,1,0.34377235096461434,3.2805591881209546,0.3087852711626976
HIGHYIELD,2000-09-01,2024-03-28,6017,7,0,0.07410060051787759,0,2,0.12710252682096312,4.546091833158079,0.40137415782803015
HOUSE-US,2021-11-15,2024-03-28,588,12,0,0.0165016501650165,0,28,0.030875434495455642,54.253968253968246,0.03929024081115336
IBEX,1992-10-08,2024-03-28,7963,6,0,0.14832320504163823,0,2,0.22917386260319442,0.332878401528871,0.5227803348675872
IBEX_mini,1992-10-08,2024-03-28,7963,6,0,0.14832320504163823,0,2,0.22917530116828833,3.772621883993872,0.5227803348675872
IG,2022-08-02,2024-03-28,420,4,0,0.03489471422432306,0,10,0.10497410609366511,3.156562660655673,0.028083516776732705
INR,2015-11-10,2024-03-28,2175,4,0,0.021970027644405307,0,2,0.052943840030649225,1.4526645558924196,0.14515375892201987
IRON,2014-01-06,2024-03-28,2766,4,0,0.18744939271255043,0,2,0.36855212284835215,11.091093345343994,0.18457741311453538
IRS,2006-06-08,2024-03-28,4465,5,0,0.06701769329048718,0,3,0.0869111163277733,24.901756890775978,0.29791208058168234
JGB,2001-12-05,2024-03-29,5595,11,0,0.016252390057361347,0,8,0.029706359456210057,0.38136180834835665,0.36922153291975185
JGB-SGX-mini,1999-02-26,2024-03-29,6401,11,0,0.016396802623488457,0,2,0.03259220481252678,0.7569415376029023,0.38463077846708027
JGB-mini,2001-12-05,2024-03-29,5579,11,0,0.01596942605609775,0,3,0.02973153745087683,1.6540675497607324,0.3682209325595357
JP-REALESTATE,2018-06-11,2024-03-29,1512,11,0,0.18579626972740315,0,3,0.1995749153727157,5.633047210300429,0.10066039623774264
JPY,1977-06-15,2024-03-28,11900,7,0,0.08625825670250079,0,2,0.10780761588189884,0.5514150943396228,0.786538589820559
JPY_mini,1977-03-15,2024-03-28,12007,5,0,0.08625825670250079,0,5,0.10747086412920616,1.674177185324997,0.8009472350076713
KOSDAQ,2020-09-14,2024-03-29,890,7,0,0.07730631902349924,0,1,0.276594240024664,2.645102781136638,0.05556667333733573
KOSPI,2014-03-14,2024-03-29,2494,11,0,0.1030591775325977,0,13,0.17458385620777905,4.879566982408661,0.16636648655860184
KOSPI_mini,2013-12-11,2024-03-29,2554,11,0,0.10305917753259757,0,13,0.1731805152259986,6.472602739726027,0.17043559469014744
KR10,2014-03-20,2024-03-29,2398,59,0,0.02696941612604273,0,3,0.05734185377853105,0.922466039707419,0.15636048295644053
KR3,2014-03-20,2024-03-29,2390,60,0,0.010314341846758323,0,3,0.01939855562458043,0.8578964238289298,0.15576012274031084
KRWUSD,2021-03-09,2024-03-28,738,9,0,0.028340080971660023,0,4,0.094581673877218,4.131266149870801,0.049296244413314656
KRWUSD_mini,2021-04-08,2024-03-29,808,8,0,0.024932614555256014,0,3,0.09079592801957846,2.905317769130999,0.053432059235541327
LEAD_LME,2023-06-02,2024-03-28,211,5,0,0.026506626656664166,0,1,0.16975574789402306,11.367673338790206,0.014141818424387966
LEANHOG,1974-07-23,2024-03-28,12508,5,0,0.08642602948652786,0,5,0.2047816625358202,4.14334181509754,0.8306984190514308
LIVECOW,1971-10-22,2024-03-28,13191,10,0,0.05603985056039886,0,3,0.1422960504133801,4.389732978260488,0.8767260356213729
LUMBER-new,2022-08-10,2024-03-28,411,4,0,0.1,0,2,0.3044592056416841,13.101703491313879,0.027483156560603027
MIB,2022-09-20,2024-03-28,390,5,0,0.046823990299412366,0,1,0.15676847284503373,1.626604012289897,0.026082316056300448
MILK,1996-04-18,2024-03-28,7450,26,0,0.08264462809917414,0,21,0.20383284651480496,17.198051948051948,0.49703155226469214
MILKDRY,2014-01-22,2024-03-28,2501,10,0,0.07475728155339795,0,4,0.18762910923127632,72.76008492569002,0.16690014008405044
MILKWET,2000-08-22,2024-03-28,5305,35,0,0.12547528517110268,0,151,0.16318400889434018,173.16887417218544,0.3539457007537856
MILLWHEAT,2002-03-13,2024-03-28,5637,6,0,0.08419243986254296,0,20,0.1950805214964221,8.779149519890261,0.3720899206190381
MSCIASIA,2021-03-15,2024-03-28,781,5,0,0.06924369747899167,0,1,0.19809666541639012,5.994236676986687,0.04796211059969315
MSCIEAFA,2009-12-17,2024-03-28,3747,29,0,0.14984311171629858,0,2,0.18807207856270713,1.195948684194493,0.10846507904742846
MSCIEMASIA,2023-06-15,2024-03-28,204,4,0,0.026155115511551193,0,1,0.15345779251394306,0.3378488656765138,0.01367487158962044
MSCISING,2001-10-25,2024-03-29,5767,6,0,0.09425070688030161,0,2,0.18858529983833483,2.3046016355628955,0.3846974851577613
MSCITAIWAN,2022-07-22,2024-03-29,439,4,0,0.054417788180222304,0,1,0.17013937600937043,2.8239881302523995,0.02888399706490561
MSCIWORLD,2021-12-14,2024-03-28,587,5,0,0.04293877551020408,0,2,0.17672451802844802,27.92333391946545,0.03922353412047228
MUMMY,2018-06-11,2024-03-29,1554,11,0,0.09776536312849161,0,2,0.2976349722619524,6.395348837209303,0.09952638249616437
MXP,1995-09-18,2024-03-28,7263,8,0,0.0915593705293276,0,2,0.11819451617795085,1.3206831119544593,0.4495363884997665
NASDAQ,1999-12-15,2024-03-28,6287,7,0,0.16658986175115206,0,1,0.26816698857643306,1.535988581636572,0.4063771596291108
NASDAQ_micro,1999-12-15,2024-03-28,6286,7,0,0.16658986175115206,0,1,0.26837584563518874,1.964812003215147,0.4063104529384297
NICKEL_LME,2023-06-02,2024-03-28,211,5,0,0.05810582266247886,0,2,0.2761471111144381,5.5050988838044566,0.014141818424387966
NIKKEI,2011-06-13,2024-03-29,3271,11,0,0.07953873447664105,0,2,0.20500076140125104,1.8401937046004841,0.2177306383830298
NIKKEI400,2015-06-12,2024-03-29,2306,11,0,0.08251748251748252,0,2,0.19057230708179843,3.3711507293354943,0.1488893336001601
NOK,2002-06-17,2024-03-28,5580,5,0,0.09757594354096341,0,4,0.128607810086063,2.617206719617628,0.36868787939430325
NZD,2003-03-12,2024-03-28,5374,9,0,0.06272069951235917,0,2,0.12828846661333462,0.7751154734411086,0.3256620639050097
OAT,2012-09-06,2024-03-28,2931,6,0,0.025348253025804856,0,1,0.060851360164569185,0.6083449077713727,0.10573010472950437
OATIES,1970-04-06,2024-03-28,13611,10,0,0.14422158548233047,0,5,0.30113944491988837,32.12865497076023,0.429591087986125
OJ,1969-12-03,2024-03-28,13613,7,0,0.1627272727272726,0,2,0.2850015294455996,64.9458640103941,0.9068774598092189
OMX,2001-12-10,2024-03-28,5195,22,0,0.11713135958608796,0,2,0.22218352595634258,277.7777781282705,0.3466079647788673
PALLAD,1977-06-02,2024-03-28,11875,7,0,0.18536054421768716,0,4,0.33094294268398267,24.109994802654754,0.7922086585284503
PLAT,1970-07-01,2024-03-28,13635,5,0,0.16445278660121296,0,3,0.2643901879140631,5.383948407239117,0.9019411646988192
PLN,2004-09-09,2024-03-28,4592,18,0,0.07203297895422008,0,21,0.14462852649684585,3.2490950529561604,0.3063838302981789
R1000,2015-12-11,2024-03-28,2089,4,0,0.10715325633310674,0,1,0.1804016245599563,3.566694834290161,0.13574811553598826
REDWHEAT,1995-09-07,2024-03-28,7331,10,0,0.144559902200489,0,2,0.27533008557244787,4.477551020408164,0.23860983256620638
RICE,1988-08-04,2024-03-28,9077,7,0,0.08001339136257188,0,3,0.22020036528918124,13.028985507246379,0.44866920152091255
ROBUSTA,2008-12-02,2024-03-28,3870,5,0,0.07709622960045019,0,1,0.22971198953196184,12.0415982484948,0.235608031485558
RUBBER,2021-10-15,2024-03-28,650,6,0,0.0533439490445859,0,1,0.183118571800637,10.716723549488055,0.04329264225201788
RUR,2003-03-17,2024-03-28,5496,7,0,0.23444976076555027,0,7,0.2026046896551624,0.3670753064798599,0.3630845173770929
RUSSELL,2015-03-12,2024-03-28,2652,4,0,0.08913886000567135,0,1,0.21267754019764604,1.5013473630180934,0.06543926355813488
RUSSELL_mini,2015-03-12,2024-03-28,2652,4,0,0.08913886000567135,0,1,0.21262057238790727,0.8854099833183627,0.06543926355813488
SARONA,2022-07-22,2024-03-28,429,5,0,0.005175506021009288,0,2,0.009740862613108511,0.2540521321532695,0.028683876992862383
SEK,2002-06-17,2024-03-28,5486,13,0,0.06708063669756778,0,2,0.11938235815394158,2.523021001615509,0.3624174504702822
SGD,2020-10-20,2024-03-29,904,10,0,0.01767794007356868,0,2,0.047170778313289266,1.2992315973124464,0.06016943499432993
SGD_mini,2020-10-20,2024-03-28,943,10,0,0.013143239028737114,0,2,0.04607942354781466,2.300385883845535,0.06297111600293509
SGX,2000-07-10,2024-03-25,5635,24,0,0.08385985066053991,0,5,0.17889179407968944,13.70801919122687,0.3759589086785405
SHATZ,2007-12-06,2024-03-28,4185,6,0,0.009312491091366844,0,3,0.012817982970009892,0.4063388866314507,0.19665132412781003
SILVER,1970-06-16,2024-03-28,14240,6,0,0.1454809965448258,0,2,0.28989046416874636,7.443502824858758,0.6565272496831432
SMI,2014-03-13,2024-03-28,2431,13,0,0.12439877568867512,0,1,0.16299913569545735,1.4858052575666476,0.15335868187579213
SMI-MID,2005-12-13,2024-03-28,4543,29,0,0.24146695715323166,0,3,0.19520027921605512,47.6457399103139,0.1313454739510373
SOFR,1984-03-26,2024-03-28,10179,12,0,0.01322128851540624,0,3,0.012919012961467686,0.4046905400431194,0.6778066840104062
SONIA3,2020-03-04,2024-03-28,1013,11,0,0.005519970837889925,0,1,0.012338948515372896,0.2548095313653996,0.06764058435061036
SOYBEAN,1985-09-23,2024-03-28,9702,6,0,0.07304601899196493,0,2,0.2028810820062182,3.221910112359551,0.6449869921953172
SOYBEAN_mini,1981-08-04,2024-03-28,10747,6,0,0.07251566696508505,0,2,0.2087753792886549,7.658216868923801,0.7082249349609766
SOYMEAL,1970-05-06,2024-03-28,13713,5,0,0.09720372836218391,0,2,0.2605601893597916,4.451861654163885,0.8451070642385431
SOYOIL,1970-02-04,2024-03-28,13747,5,0,0.09425878320479862,0,2,0.2594158788048676,7.897862232779096,0.8480421586285104
SP400,2002-03-13,2024-03-28,6285,5,0,0.11553191489361693,0,1,0.20309969793910065,2.9743589793651277,0.07097591888466413
SP500,1982-09-15,2024-03-28,10712,7,1,0.2860938883968113,0,2,0.1884792085852695,1.5177797051170858,0.45740777800013344
SP500_micro,1982-09-15,2024-03-28,10712,7,1,0.2860938883968113,0,2,0.18847753551562868,2.2029488291413704,0.45740777800013344
SPI200,2022-08-29,2024-03-28,454,7,0,0.03766274023558586,0,1,0.12052722404550914,1.0695929990276427,0.026949503035154428
STEEL,2008-10-22,2024-03-28,3883,7,0,0.13425925925925927,0,21,0.20617475659372916,57.108150470219435,0.2590887866052965
SUGAR11,1970-02-17,2024-03-28,13542,11,0,0.16627078384798097,0,2,0.3351723717491722,6.893500643500645,0.899939963978387
SUGAR16,2008-12-10,2024-03-28,2860,34,0,0.07692307692307704,0,9,0.18551007637442157,208.08567794850498,0.1660996597958775
SUGAR_WHITE,1989-02-15,2024-03-28,8852,6,5,8.966012084592144,0,2,2.16735860367865,5.832604257801108,0.5860849843239276
SWISSLEAD,2022-03-14,2024-03-28,517,5,0,0.043009492558303115,0,1,0.17173661574564297,99.64209027496149,0.03255286505236475
TIN_LME,2023-06-02,2024-03-28,211,5,0,0.055478775913129316,0,1,0.23827113291382937,38.81988162648673,0.014141818424387966
TOPIX,2010-03-12,2024-03-29,3586,11,0,0.08820286659316427,0,2,0.19419116388930163,1.860166773572803,0.23494096457874725
TWD,2021-10-16,2024-03-25,570,7,0,0.02147142406062541,0,3,0.06310581441485187,0.2592965437295994,0.03588819958641852
TWD-mini,2021-10-20,2024-03-28,520,10,0,0.019056544829740688,0,3,0.0646728683532797,5.149093144789425,0.03402041224734841
US-DISCRETE,2011-06-14,2024-03-28,3203,10,0,0.15820325363893803,0,1,0.20731750293701834,4.877786721996863,0.2133947034887599
US-ENERGY,2012-12-14,2024-03-28,2813,32,0,0.1974317817014448,0,1,0.28875203976981817,4.4204322200392925,0.1839770528984057
US-FINANCE,2011-06-14,2024-03-28,3183,32,0,0.12916834069907607,0,2,0.22763032831644486,4.292975615175249,0.2121272763658195
US-HEALTH,2012-06-13,2024-03-28,2939,32,0,0.09907053034445067,0,1,0.1665799950260139,3.779342723004695,0.19538389700486958
US-INDUSTRY,2013-06-13,2024-03-28,2670,32,0,0.12538351401104536,0,1,0.19190680262441048,4.3437204910292735,0.03662197318391035
US-MATERIAL,2011-03-15,2024-03-28,3218,32,0,0.09685039370078727,0,1,0.20601297366731464,5.583126550868486,0.21446201053965713
US-PROPERTY,2016-09-14,2024-03-28,1894,5,0,0.12354085603112858,0,2,0.21879386103452766,5.654509471303365,0.12634247214995664
US-REALESTATE,2014-06-17,2024-03-28,2424,61,0,0.15459697732997488,0,2,0.2123434884289265,3.5892634207240954,0.15776132346074312
US-STAPLES,2011-06-14,2024-03-28,3186,32,0,0.11191888272431604,0,2,0.14479799852446087,3.4032376747608537,0.21232739643786272
US-TECH,2011-09-20,2024-03-28,3078,10,0,0.11665854846566022,0,2,0.21677465072606109,5.630978093181117,0.20285504636115
US-UTILS,2011-06-14,2024-03-28,3205,32,0,0.13121466172743237,0,3,0.19221631803991973,3.53897659861273,0.21352811687012208
US10,1982-08-31,2024-03-28,10558,7,0,0.03630490956072351,0,2,0.06541481060644423,0.8665359843181182,0.6665999599759856
US10U,2016-03-03,2024-03-28,2354,4,0,0.02864662415224213,0,1,0.06935915659050343,0.7224494511842865,0.03615502634914282
US2,2000-03-03,2024-03-28,6192,7,0,0.011837482816557202,0,4,0.016034833196572545,0.2560929557007988,0.4104462677606564
US20,1978-06-01,2024-03-28,11634,7,0,0.04609929078014184,0,2,0.11206317807778188,1.5852590567083085,0.7371756387165632
US3,2020-08-28,2024-03-28,901,4,0,0.011241830065359478,0,1,0.03110624064251828,0.3759599419280238,0.029484357281035288
US30,2010-03-04,2024-03-28,4156,4,0,0.08637321727510482,0,2,0.13719375434514525,1.1161476246161286,0.038489760522980455
US5,1989-06-01,2024-03-28,8858,7,0,0.019801980198019802,0,2,0.03995994802428168,0.48622384496559473,0.5087052231338803
V2X,2013-01-03,2024-03-28,2862,6,2,0.33891213389121355,0,3,0.46255049757659805,22.493887530562347,0.19098125541991862
VIX,2006-01-27,2024-03-27,4890,6,2,0.2836257309941527,0,2,0.45852060400621153,14.410526315789475,0.32352744980321524
VIX_mini,2005-11-23,2024-03-27,4957,5,3,0.28362573099415217,0,3,0.4521277418423016,15.131578947368421,0.3307317723967714
VNKI,2020-12-11,2024-03-29,744,10,0,0.1528822055137845,0,11,0.4068174723438278,95.45454545454547,0.0488960042692282
WHEAT,1973-12-20,2024-03-28,12751,5,0,0.08494572911750826,0,3,0.23818831267418775,5.495303694427051,0.8194249883263292
WHEAT_ICE,1994-01-31,2024-03-28,7576,11,0,0.08707865168539318,0,3,0.16642298283403423,58.50396991224404,0.36508571809752516
WHEAT_mini,1970-08-18,2024-03-28,13566,5,0,0.10335781741867786,0,2,0.26324225740238677,12.335958005249344,0.8809952638249616
WHEY,2007-03-21,2024-03-28,4099,7,0,0.11764705882352941,0,17,0.3271938272902131,148.5377053090711,0.27349743179240876
YENEUR,2000-03-14,2024-03-28,6739,4,0,0.06880575340571222,0,2,0.11217081500860045,1.0525048243921264,0.4458008138216263
ZAR,1997-06-11,2024-03-28,7014,26,0,0.1181129476584022,0,36,0.16568919039953703,1.7368179734066942,0.46794743512774334
ZINC_LME,2023-06-02,2024-03-28,211,5,0,0.059583922439911126,0,1,0.24925870707406975,7.2800811875046625,0.014141818424387966
