mkt,prm,tr_sh,tr_gross,va_sh,va_gross,tr_n,tr_years
GC,"{""lookback"": 14, ""mult"": 1.0, ""trail"": ""band_mean"", ""check_min"": 30}",-0.056915937237394985,0.27287648949693155,0.5993608280209213,0.831130969996646,698,3.73
GC,"{""lookback"": 14, ""mult"": 1.0, ""trail"": ""band_mean"", ""check_min"": 60}",-0.09841300871686093,0.17791951520063295,0.5902545644360894,0.8030440749974985,544,3.73
GC,"{""lookback"": 14, ""mult"": 1.25, ""trail"": ""band_mean"", ""check_min"": 30}",-0.08552695981603925,0.22823552312445058,1.0044876219198575,1.1952656207974626,590,3.73
GC,"{""lookback"": 14, ""mult"": 1.25, ""trail"": ""band_mean"", ""check_min"": 60}",0.09405796343542237,0.3482352519763347,0.8720347392954036,1.0432114526876894,445,3.73
CL,"{""lookback"": 14, ""mult"": 1.0, ""trail"": ""band_mean"", ""check_min"": 30}",0.6484327742261217,1.204782424952559,-1.437238753878805,-0.9503859845534756,999,4.51
CL,"{""lookback"": 14, ""mult"": 1.0, ""trail"": ""band_mean"", ""check_min"": 60}",0.8797198507876791,1.2852038384997455,-0.30687006381695714,0.01987014127676204,692,4.51
CL,"{""lookback"": 14, ""mult"": 1.25, ""trail"": ""band_mean"", ""check_min"": 30}",0.8977860943187286,1.3944561388819119,-1.3603889677533159,-0.9443013665160831,782,4.51
CL,"{""lookback"": 14, ""mult"": 1.25, ""trail"": ""band_mean"", ""check_min"": 60}",1.1254636800504734,1.4739115886084715,-0.4875763802842555,-0.2308133117397839,527,4.51
6E,"{""lookback"": 14, ""mult"": 1.0, ""trail"": ""band_mean"", ""check_min"": 30}",-1.100930250022908,-0.2600328292095206,-1.5316489227073162,-0.48519417648903396,586,3.29
6E,"{""lookback"": 14, ""mult"": 1.0, ""trail"": ""band_mean"", ""check_min"": 60}",-1.0414857371373705,-0.40063233321676917,-0.3254552928765114,0.3902621605608267,359,3.29
6E,"{""lookback"": 14, ""mult"": 1.25, ""trail"": ""band_mean"", ""check_min"": 30}",-1.206113508702435,-0.43406997868749364,-1.8852375270427368,-0.9274403723109256,482,3.29
6E,"{""lookback"": 14, ""mult"": 1.25, ""trail"": ""band_mean"", ""check_min"": 60}",-1.0531511742819022,-0.4926944640461962,-0.8619884174907225,-0.23187240956703006,283,3.29
6B,"{""lookback"": 14, ""mult"": 1.0, ""trail"": ""band_mean"", ""check_min"": 30}",-1.4525573318872274,0.003444763999818644,-0.321331247771957,0.9448628628879616,573,3.29
6B,"{""lookback"": 14, ""mult"": 1.0, ""trail"": ""band_mean"", ""check_min"": 60}",-1.156382077752156,-0.14372900611480924,-0.10158165601526283,0.7406413136256045,364,3.29
6B,"{""lookback"": 14, ""mult"": 1.25, ""trail"": ""band_mean"", ""check_min"": 30}",-1.2228144234700244,0.1061985113953764,-0.8257675919834396,0.3177113968952839,465,3.29
6B,"{""lookback"": 14, ""mult"": 1.25, ""trail"": ""band_mean"", ""check_min"": 60}",-1.1351060750190602,-0.1859782698967808,-0.6811456752314353,0.032283897095354806,289,3.29
DAX_confirm,"{""lookback"": 14, ""mult"": 1.0, ""trail"": ""band_mean"", ""check_min"": 30}",0.41227509282642855,0.6090963167213049,-0.007518413919898072,0.12918225381612486,1488,5.1
DAX_confirm,"{""lookback"": 14, ""mult"": 1.0, ""trail"": ""band_mean"", ""check_min"": 60}",0.5565511825931254,0.7042895062321846,-0.11820749351647611,-0.021873809774646837,1023,5.1
DAX_confirm,"{""lookback"": 14, ""mult"": 1.25, ""trail"": ""band_mean"", ""check_min"": 30}",0.4213202074686722,0.595245764949971,0.3109886527426263,0.4283705034275815,1190,5.1
DAX_confirm,"{""lookback"": 14, ""mult"": 1.25, ""trail"": ""band_mean"", ""check_min"": 60}",0.5544644043087398,0.6811137457575411,0.05628173889409394,0.14140853801766323,824,5.1
