hid,mkt,prm,sh,gsh,exp,gexp,n,pf,yrs+,pass
H1_ORB,ES,"{""or_bars"": 1, ""mode"": ""candle_mkt"", ""stop"": ""or"", ""tgt_R"": NaN}",-0.867650479972395,0.0352190305089397,-26.715605828220603,1.084394171779391,1304,0.8438480791832113,0.16666666666666666,False
H1_ORB,ES,"{""or_bars"": 1, ""mode"": ""candle_mkt"", ""stop"": ""or"", ""tgt_R"": 2.0}",-1.6866620452886085,-0.59120932150601,-37.90034509202417,-13.13907208588921,1304,0.7627751468553908,0.0,False
H1_ORB,ES,"{""or_bars"": 1, ""mode"": ""candle_mkt"", ""stop"": 0.5, ""tgt_R"": NaN}",-0.7781377529953327,0.3066732600118882,-19.94110429447864,7.858895705521353,1304,0.8470971586797986,0.16666666666666666,False
H1_ORB,ES,"{""or_bars"": 1, ""mode"": ""candle_mkt"", ""stop"": 0.5, ""tgt_R"": 2.0}",-2.268270611501846,-0.6789232488491196,-34.75155291411059,-10.210755368098324,1304,0.6995768879978814,0.0,False
H1_ORB,ES,"{""or_bars"": 1, ""mode"": ""bracket"", ""stop"": ""or"", ""tgt_R"": NaN}",-0.9260678512829846,-0.11073302651052828,-31.57546153846152,-3.7754615384615207,1300,0.8439594100822472,0.3333333333333333,False
H1_ORB,ES,"{""or_bars"": 1, ""mode"": ""bracket"", ""stop"": ""or"", ""tgt_R"": 2.0}",-1.6381600527185318,-0.7002070541789542,-43.42942307692326,-18.389038461538647,1300,0.775752252178896,0.16666666666666666,False
H1_ORB,ES,"{""or_bars"": 1, ""mode"": ""bracket"", ""stop"": 0.5, ""tgt_R"": NaN}",-3.52238637593718,-2.1755169743876275,-72.66924999999982,-44.86924999999984,1300,0.4833154327820057,0.0,False
H1_ORB,ES,"{""or_bars"": 1, ""mode"": ""bracket"", ""stop"": 0.5, ""tgt_R"": 2.0}",-6.5303076536023035,-4.588426385509926,-83.10044230769198,-57.25236538461508,1300,0.3715521685857758,0.0,False
H1_ORB,ES,"{""or_bars"": 2, ""mode"": ""candle_mkt"", ""stop"": ""or"", ""tgt_R"": NaN}",-0.4958873615551759,0.34707255083115707,-16.3539110429451,11.446088957054897,1304,0.9115101532716078,0.3333333333333333,False
H1_ORB,ES,"{""or_bars"": 2, ""mode"": ""candle_mkt"", ""stop"": ""or"", ""tgt_R"": 2.0}",-1.4461088388620078,-0.44953867588384633,-36.416832822086164,-11.224194785276355,1304,0.793826502280875,0.0,False
H1_ORB,ES,"{""or_bars"": 2, ""mode"": ""candle_mkt"", ""stop"": 0.5, ""tgt_R"": NaN}",-0.4214614857463504,0.5264468475555283,-12.36048696318997,15.43951303681003,1304,0.9187297280637666,0.3333333333333333,False
H1_ORB,ES,"{""or_bars"": 2, ""mode"": ""candle_mkt"", ""stop"": 0.5, ""tgt_R"": 2.0}",-1.3136560755929658,-0.058436400712210936,-25.555368098159384,-1.1200153374231918,1304,0.8136873349632708,0.0,False
H1_ORB,ES,"{""or_bars"": 2, ""mode"": ""bracket"", ""stop"": ""or"", ""tgt_R"": NaN}",-0.758173922703743,0.020861845087531073,-27.055568535825582,0.7444314641744083,1284,0.873630103225839,0.16666666666666666,False
H1_ORB,ES,"{""or_bars"": 2, ""mode"": ""bracket"", ""stop"": ""or"", ""tgt_R"": 2.0}",-1.1423975716136565,-0.31086317017950793,-35.44871495327136,-9.586020249221521,1284,0.83085697956065,0.16666666666666666,False
H1_ORB,ES,"{""or_bars"": 2, ""mode"": ""bracket"", ""stop"": 0.5, ""tgt_R"": NaN}",-2.507387298323971,-1.406510604160258,-63.29595015576319,-35.49595015576319,1284,0.610728064776475,0.0,False
H1_ORB,ES,"{""or_bars"": 2, ""mode"": ""bracket"", ""stop"": 0.5, ""tgt_R"": 2.0}",-4.452630562262933,-3.0247892466637487,-77.55346573208716,-51.914680685358206,1284,0.496405557314356,0.0,False
H1_ORB,ES,"{""or_bars"": 4, ""mode"": ""candle_mkt"", ""stop"": ""or"", ""tgt_R"": NaN}",-0.4533935113642428,0.35609000304596783,-15.570858895705497,12.2291411042945,1304,0.9195525715014735,0.3333333333333333,False
H1_ORB,ES,"{""or_bars"": 4, ""mode"": ""candle_mkt"", ""stop"": ""or"", ""tgt_R"": 2.0}",-0.9265338803670293,-0.053641486998442504,-27.331940184049387,-1.573734662576998,1304,0.8551485555538153,0.0,False
H1_ORB,ES,"{""or_bars"": 4, ""mode"": ""candle_mkt"", ""stop"": 0.5, ""tgt_R"": NaN}",-0.1582848345940527,0.7440552095403961,-4.876495398773075,22.923504601226927,1304,0.9703760349136006,0.5,False
H1_ORB,ES,"{""or_bars"": 4, ""mode"": ""candle_mkt"", ""stop"": 0.5, ""tgt_R"": 2.0}",-0.43415234614132314,0.5982579777940129,-10.473178680981837,14.278508435582577,1304,0.9323871412034054,0.16666666666666666,False
H1_ORB,ES,"{""or_bars"": 4, ""mode"": ""bracket"", ""stop"": ""or"", ""tgt_R"": NaN}",-0.16336901147007796,0.5471929883090431,-6.391247833621962,21.408752166378036,1154,0.9687337718080414,0.16666666666666666,False
H1_ORB,ES,"{""or_bars"": 4, ""mode"": ""bracket"", ""stop"": ""or"", ""tgt_R"": 2.0}",-0.2357520481944617,0.49034201180592485,-8.69454072790292,18.022270363951492,1154,0.9569602948156534,0.3333333333333333,False
H1_ORB,ES,"{""or_bars"": 4, ""mode"": ""bracket"", ""stop"": 0.5, ""tgt_R"": NaN}",-1.050365052944082,-0.1345857431805555,-31.884077123050226,-4.084077123050236,1154,0.8085231500231514,0.16666666666666666,False
H1_ORB,ES,"{""or_bars"": 4, ""mode"": ""bracket"", ""stop"": 0.5, ""tgt_R"": 2.0}",-1.5372594787934932,-0.4898497303736729,-37.13093587521675,-11.703119584055576,1154,0.7674450411158739,0.0,False
H1_ORB,NQ,"{""or_bars"": 1, ""mode"": ""candle_mkt"", ""stop"": ""or"", ""tgt_R"": NaN}",0.12871064817360306,0.4447727967709088,5.212513534416096,18.012513534416094,1293,1.0263917026164193,0.5,False
H1_ORB,NQ,"{""or_bars"": 1, ""mode"": ""candle_mkt"", ""stop"": ""or"", ""tgt_R"": 2.0}",-0.424449396602396,-0.04150447975678338,-12.815668986851744,-1.249234338746571,1293,0.9305634927359427,0.16666666666666666,False
H1_ORB,NQ,"{""or_bars"": 1, ""mode"": ""candle_mkt"", ""stop"": 0.5, ""tgt_R"": NaN}",-0.08617636971619759,0.28998105200521185,-2.9324284609435436,9.867571539056454,1293,0.9817689735252644,0.3333333333333333,False
H1_ORB,NQ,"{""or_bars"": 1, ""mode"": ""candle_mkt"", ""stop"": 0.5, ""tgt_R"": 2.0}",-0.8949603060527227,-0.3495563088499467,-18.46553750966734,-7.169791183294565,1293,0.8679261397926447,0.3333333333333333,False
H1_ORB,NQ,"{""or_bars"": 1, ""mode"": ""bracket"", ""stop"": ""or"", ""tgt_R"": NaN}",-0.07847215321758048,0.2192103590166153,-3.3742060418279602,9.425793958172036,1291,0.985484047581107,0.6666666666666666,False
H1_ORB,NQ,"{""or_bars"": 1, ""mode"": ""bracket"", ""stop"": ""or"", ""tgt_R"": 2.0}",-0.5587849176122531,-0.22231844894048253,-19.49465530596408,-7.736483346242945,1291,0.9130662579113112,0.16666666666666666,False
H1_ORB,NQ,"{""or_bars"": 1, ""mode"": ""bracket"", ""stop"": 0.5, ""tgt_R"": NaN}",-2.1409007469023695,-1.6791355133957573,-59.32759101471737,-46.52759101471738,1291,0.6516277070154658,0.0,False
H1_ORB,NQ,"{""or_bars"": 1, ""mode"": ""bracket"", ""stop"": 0.5, ""tgt_R"": 2.0}",-4.261659228922034,-3.6398124046446125,-78.1990472501936,-66.39439969016263,1291,0.5108451602921957,0.0,False
H1_ORB,NQ,"{""or_bars"": 2, ""mode"": ""candle_mkt"", ""stop"": ""or"", ""tgt_R"": NaN}",0.16281735064852526,0.4688974082265167,6.80880493446416,19.60880493446416,1297,1.0314811417657732,0.5,False
H1_ORB,NQ,"{""or_bars"": 2, ""mode"": ""candle_mkt"", ""stop"": ""or"", ""tgt_R"": 2.0}",-0.28256395003105356,0.05241841038231464,-9.958272937547829,1.843269082498424,1297,0.9524582542711971,0.5,False
H1_ORB,NQ,"{""or_bars"": 2, ""mode"": ""candle_mkt"", ""stop"": 0.5, ""tgt_R"": NaN}",0.40564655869415694,0.7388713268245529,15.581418658442733,28.38141865844273,1297,1.085606873864579,0.3333333333333333,False
H1_ORB,NQ,"{""or_bars"": 2, ""mode"": ""candle_mkt"", ""stop"": 0.5, ""tgt_R"": 2.0}",-0.2824972540773443,0.14999664708656005,-7.472744795682095,3.9510023130303127,1297,0.9551802765933461,0.16666666666666666,False
H1_ORB,NQ,"{""or_bars"": 2, ""mode"": ""bracket"", ""stop"": ""or"", ""tgt_R"": NaN}",-0.34509567070099584,-0.052710613187967444,-15.107533490937518,-2.307533490937517,1269,0.9389499632899729,0.3333333333333333,False
H1_ORB,NQ,"{""or_bars"": 2, ""mode"": ""bracket"", ""stop"": ""or"", ""tgt_R"": 2.0}",-0.5330546065496375,-0.22754183648322443,-21.22975571315965,-9.048353033884633,1269,0.9129012150900854,0.16666666666666666,False
H1_ORB,NQ,"{""or_bars"": 2, ""mode"": ""bracket"", ""stop"": 0.5, ""tgt_R"": NaN}",-1.8452212057436543,-1.425508035748925,-56.2523955870761,-43.45239558707611,1269,0.7110326238648512,0.0,False
H1_ORB,NQ,"{""or_bars"": 2, ""mode"": ""bracket"", ""stop"": 0.5, ""tgt_R"": 2.0}",-2.7533646109887506,-2.277991420076809,-67.10927501970018,-55.290362490149356,1269,0.6378678916436606,0.0,False
H1_ORB,NQ,"{""or_bars"": 4, ""mode"": ""candle_mkt"", ""stop"": ""or"", ""tgt_R"": NaN}",-0.2339410194306372,0.08003048151877612,-9.53731895223391,3.2626810477660815,1298,0.9569185500341303,0.3333333333333333,False
H1_ORB,NQ,"{""or_bars"": 4, ""mode"": ""candle_mkt"", ""stop"": ""or"", ""tgt_R"": 2.0}",-0.42255360961423966,-0.09160356104986696,-15.392064714945674,-3.3316640986128645,1298,0.9290957262527003,0.5,False
H1_ORB,NQ,"{""or_bars"": 4, ""mode"": ""candle_mkt"", ""stop"": 0.5, ""tgt_R"": NaN}",0.22003744477635245,0.5503059604088528,8.527719568567228,21.327719568567225,1298,1.043859427368951,0.5,False
H1_ORB,NQ,"{""or_bars"": 4, ""mode"": ""candle_mkt"", ""stop"": 0.5, ""tgt_R"": 2.0}",-0.10753330375545488,0.27189121716273335,-3.3252080123264363,8.38465331278912,1298,0.9823048439675841,0.5,False
H1_ORB,NQ,"{""or_bars"": 4, ""mode"": ""bracket"", ""stop"": ""or"", ""tgt_R"": NaN}",0.03713661497348101,0.3074487387818824,1.7584462511293935,14.558446251129391,1107,1.0076584945632798,0.5,False
H1_ORB,NQ,"{""or_bars"": 4, ""mode"": ""bracket"", ""stop"": ""or"", ""tgt_R"": 2.0}",-0.11983261077102501,0.16996808442058284,-5.190388437217448,7.356675700090589,1107,0.9771839515710941,0.5,False
H1_ORB,NQ,"{""or_bars"": 4, ""mode"": ""bracket"", ""stop"": 0.5, ""tgt_R"": NaN}",-0.3575402947595489,-0.032489186172480373,-14.079304426377485,-1.2793044263774875,1107,0.9276830982971431,0.3333333333333333,False
H1_ORB,NQ,"{""or_bars"": 4, ""mode"": ""bracket"", ""stop"": 0.5, ""tgt_R"": 2.0}",-0.9237626888972755,-0.5440374466195063,-28.84260162601616,-16.936910569105603,1107,0.8482311083647256,0.16666666666666666,False
H1_ORB,YM,"{""or_bars"": 1, ""mode"": ""candle_mkt"", ""stop"": ""or"", ""tgt_R"": NaN}",-0.0341874208918364,0.4357869836063218,-0.9311080441640536,11.868891955835945,1268,0.9931651018283433,0.3333333333333333,False
H1_ORB,YM,"{""or_bars"": 1, ""mode"": ""candle_mkt"", ""stop"": ""or"", ""tgt_R"": 2.0}",-0.2371252411552082,0.3213530195280594,-4.900311514196161,6.610256309147687,1268,0.9608628410151105,0.16666666666666666,False
H1_ORB,YM,"{""or_bars"": 1, ""mode"": ""candle_mkt"", ""stop"": 0.5, ""tgt_R"": NaN}",-0.17251853108995022,0.37882245258032754,-4.005203075709368,8.794796924290624,1268,0.9636807223839683,0.16666666666666666,False
H1_ORB,YM,"{""or_bars"": 1, ""mode"": ""candle_mkt"", ""stop"": 0.5, ""tgt_R"": 2.0}",-0.3115344667080479,0.4442018290324361,-4.666894716088409,6.60313682965292,1268,0.9504651937715664,0.16666666666666666,False
H1_ORB,YM,"{""or_bars"": 1, ""mode"": ""bracket"", ""stop"": ""or"", ""tgt_R"": NaN}",-0.2579772447088294,0.1684738095208028,-7.743235294116655,5.0567647058833405,1258,0.9526068474393887,0.16666666666666666,False
H1_ORB,YM,"{""or_bars"": 1, ""mode"": ""bracket"", ""stop"": ""or"", ""tgt_R"": 2.0}",-0.6292465514483947,-0.1459600957769989,-15.32913354530952,-3.5426470588230377,1258,0.901929797295664,0.16666666666666666,False
H1_ORB,YM,"{""or_bars"": 1, ""mode"": ""bracket"", ""stop"": 0.5, ""tgt_R"": NaN}",-2.27946320627526,-1.6363487293218533,-45.35609499205024,-32.55609499205024,1258,0.6152974632410527,0.0,False
H1_ORB,YM,"{""or_bars"": 1, ""mode"": ""bracket"", ""stop"": 0.5, ""tgt_R"": 2.0}",-3.956466331934914,-3.0746576481536887,-51.82179054054032,-39.96376192368818,1258,0.5255144352433191,0.0,False
H1_ORB,YM,"{""or_bars"": 2, ""mode"": ""candle_mkt"", ""stop"": ""or"", ""tgt_R"": NaN}",0.026716741867928894,0.47322015432667397,0.7658886255926396,13.565888625592638,1266,1.0052011020093543,0.5,False
H1_ORB,YM,"{""or_bars"": 2, ""mode"": ""candle_mkt"", ""stop"": ""or"", ""tgt_R"": 2.0}",-0.3363871618620329,0.18445310765304515,-7.59587282780382,4.149624802527931,1266,0.9455008609094367,0.3333333333333333,False
H1_ORB,YM,"{""or_bars"": 2, ""mode"": ""candle_mkt"", ""stop"": 0.5, ""tgt_R"": NaN}",0.1298497473372651,0.6168759775403839,3.4126579778834722,16.21265797788347,1266,1.0270613811384095,0.3333333333333333,False
H1_ORB,YM,"{""or_bars"": 2, ""mode"": ""candle_mkt"", ""stop"": 0.5, ""tgt_R"": 2.0}",-0.2939972795927727,0.36194595191388534,-5.120163902053526,6.261984597156584,1266,0.9547443533005765,0.16666666666666666,False
H1_ORB,YM,"{""or_bars"": 2, ""mode"": ""bracket"", ""stop"": ""or"", ""tgt_R"": NaN}",-0.19721660736288116,0.2102013516799013,-6.196025223758379,6.603974776241614,1229,0.9635732291386941,0.16666666666666666,False
H1_ORB,YM,"{""or_bars"": 2, ""mode"": ""bracket"", ""stop"": ""or"", ""tgt_R"": 2.0}",-0.34546446285972204,0.09084029389760144,-9.592506102521963,2.5158746948742885,1229,0.9420508848833276,0.16666666666666666,False
H1_ORB,YM,"{""or_bars"": 2, ""mode"": ""bracket"", ""stop"": 0.5, ""tgt_R"": NaN}",-1.5673087105393677,-1.0240875422821374,-36.921857200976156,-24.121857200976162,1229,0.7252927189751801,0.0,False
H1_ORB,YM,"{""or_bars"": 2, ""mode"": ""bracket"", ""stop"": 0.5, ""tgt_R"": 2.0}",-3.023716951655953,-2.29458845204316,-47.90577705451568,-36.10252237591519,1229,0.6196020572664438,0.0,False
H1_ORB,YM,"{""or_bars"": 4, ""mode"": ""candle_mkt"", ""stop"": ""or"", ""tgt_R"": NaN}",-0.2626676006414392,0.16991918516545818,-7.7721902131013945,5.027809786898603,1267,0.9507137939179735,0.3333333333333333,False
H1_ORB,YM,"{""or_bars"": 4, ""mode"": ""candle_mkt"", ""stop"": ""or"", ""tgt_R"": 2.0}",-0.5122216819840444,-0.049371145998677715,-13.367273086029577,-1.2855051302284755,1267,0.9128672637013746,0.3333333333333333,False
H1_ORB,YM,"{""or_bars"": 4, ""mode"": ""candle_mkt"", ""stop"": 0.5, ""tgt_R"": NaN}",-0.029920284789410074,0.44581084779394914,-0.8050295974738894,11.994970402526109,1267,0.9941923688202625,0.3333333333333333,False
H1_ORB,YM,"{""or_bars"": 4, ""mode"": ""candle_mkt"", ""stop"": 0.5, ""tgt_R"": 2.0}",-0.18134070520792248,0.3670849438090786,-3.8629104183108014,7.784761247040423,1267,0.970475156780928,0.3333333333333333,False
H1_ORB,YM,"{""or_bars"": 4, ""mode"": ""bracket"", ""stop"": ""or"", ""tgt_R"": NaN}",0.316135494729128,0.6794330916336633,11.135522664200577,23.935522664200576,1081,1.0665433626678815,0.5,False
H1_ORB,YM,"{""or_bars"": 4, ""mode"": ""bracket"", ""stop"": ""or"", ""tgt_R"": 2.0}",0.2857760016198434,0.6541337079906688,9.633052728955034,22.02139685476447,1081,1.0580444522357337,0.5,False
H1_ORB,YM,"{""or_bars"": 4, ""mode"": ""bracket"", ""stop"": 0.5, ""tgt_R"": NaN}",-0.433536675511907,0.01887664884819196,-12.265964384828377,0.5340356151716203,1081,0.912638929891244,0.3333333333333333,False
H1_ORB,YM,"{""or_bars"": 4, ""mode"": ""bracket"", ""stop"": 0.5, ""tgt_R"": 2.0}",-0.9212523400311408,-0.38781941906941686,-20.343575393154136,-8.52414893616986,1081,0.8481650985484696,0.0,False
H2_IM,ES,"{""thr_sd"": 0.0, ""use_r12"": false, ""signal_end_min"": 600}",-1.993746060037476,-0.32057235632062886,-33.12245313773458,-5.322453137734582,1227,0.6462165090112324,0.16666666666666666,False
H2_IM,ES,"{""thr_sd"": 0.0, ""use_r12"": false, ""signal_end_min"": 630}",-2.2324356661126235,-0.5587641772246695,-37.07200488997586,-9.27200488997586,1227,0.6129918603592583,0.16666666666666666,False
H2_IM,ES,"{""thr_sd"": 0.0, ""use_r12"": true, ""signal_end_min"": 600}",-0.9356570071893652,0.27371689728666576,-21.51688206785182,6.2831179321481745,619,0.7578804140353135,0.16666666666666666,False
H2_IM,ES,"{""thr_sd"": 0.0, ""use_r12"": true, ""signal_end_min"": 630}",-1.0263687808448148,0.13603614552505536,-24.55331179321532,3.246688206784675,619,0.7250011308635232,0.16666666666666666,False
H2_IM,ES,"{""thr_sd"": 0.25, ""use_r12"": false, ""signal_end_min"": 600}",-1.383221724663157,-0.08873528249494124,-29.700856793146205,-1.900856793146207,817,0.6867580616012137,0.16666666666666666,False
H2_IM,ES,"{""thr_sd"": 0.25, ""use_r12"": false, ""signal_end_min"": 630}",-1.513021892568612,-0.23904458165189466,-32.99963636363679,-5.199636363636795,825,0.6689750515693276,0.16666666666666666,False
H2_IM,ES,"{""thr_sd"": 0.25, ""use_r12"": true, ""signal_end_min"": 600}",-0.09101455540429257,0.9186444359286284,-2.4975669099761757,25.302433090023815,411,0.9682983323038852,0.5,False
H2_IM,ES,"{""thr_sd"": 0.25, ""use_r12"": true, ""signal_end_min"": 630}",-0.33957566988591226,0.5727227228717018,-10.341666666667093,17.458333333332902,414,0.8823205239910573,0.5,False
H2_IM,NQ,"{""thr_sd"": 0.0, ""use_r12"": false, ""signal_end_min"": 600}",-0.5696696390188467,0.16443101354940878,-9.933025141930246,2.8669748580697525,1233,0.8819219633813491,0.16666666666666666,False
H2_IM,NQ,"{""thr_sd"": 0.0, ""use_r12"": false, ""signal_end_min"": 630}",-0.7529142299019461,-0.018888903827041708,-13.129359286293607,-0.32935928629360495,1233,0.8465648283385668,0.0,False
H2_IM,NQ,"{""thr_sd"": 0.0, ""use_r12"": true, ""signal_end_min"": 600}",0.009887508267170638,0.5588585316505444,0.2303809523808937,13.030380952380892,630,1.002989463346633,0.3333333333333333,False
H2_IM,NQ,"{""thr_sd"": 0.0, ""use_r12"": true, ""signal_end_min"": 630}",-0.11859564708968315,0.3799606373894124,-3.0441612903226516,9.755838709677347,620,0.9624179264845908,0.3333333333333333,False
H2_IM,NQ,"{""thr_sd"": 0.25, ""use_r12"": false, ""signal_end_min"": 600}",-0.6577971361938637,-0.10302332277411937,-15.17554467564255,-2.3755446756425544,817,0.8354987464468512,0.0,False
H2_IM,NQ,"{""thr_sd"": 0.25, ""use_r12"": false, ""signal_end_min"": 630}",-0.8983992349621679,-0.3405177400134649,-20.60260240963868,-7.802602409638686,830,0.7789081370611906,0.0,False
H2_IM,NQ,"{""thr_sd"": 0.25, ""use_r12"": true, ""signal_end_min"": 600}",0.15437577354221318,0.5920008875707072,4.506650602409657,17.30665060240965,415,1.0581756536074782,0.5,False
H2_IM,NQ,"{""thr_sd"": 0.25, ""use_r12"": true, ""signal_end_min"": 630}",-0.11035291896793423,0.26909202620873374,-3.7219248826291143,9.078075117370885,426,0.9567515284559855,0.3333333333333333,False
H2_IM,YM,"{""thr_sd"": 0.0, ""use_r12"": false, ""signal_end_min"": 600}",-1.4916970417631932,-0.6222311145549211,-21.957082990961517,-9.157082990961518,1217,0.7109236783044622,0.16666666666666666,False
H2_IM,YM,"{""thr_sd"": 0.0, ""use_r12"": false, ""signal_end_min"": 630}",-1.6438437346286925,-0.7740916529072086,-24.18715694330353,-11.387156943303534,1217,0.6866984597058002,0.16666666666666666,False
H2_IM,YM,"{""thr_sd"": 0.0, ""use_r12"": true, ""signal_end_min"": 600}",-0.52585361938382,0.09485258488700317,-10.844983361065236,1.9550166389347634,601,0.8491138687843075,0.5,False
H2_IM,YM,"{""thr_sd"": 0.0, ""use_r12"": true, ""signal_end_min"": 630}",-0.6581990279632054,-0.015180422631036436,-13.101882255390251,-0.30188225539025476,603,0.8179056639629387,0.3333333333333333,False
H2_IM,YM,"{""thr_sd"": 0.25, ""use_r12"": false, ""signal_end_min"": 600}",-1.0717513655723998,-0.4016480047708422,-20.458990384615486,-7.658990384615484,832,0.7365269386929364,0.16666666666666666,False
H2_IM,YM,"{""thr_sd"": 0.25, ""use_r12"": false, ""signal_end_min"": 630}",-1.3147697412259056,-0.6406045877978584,-24.927940461725626,-12.127940461725627,823,0.69528058115592,0.16666666666666666,False
H2_IM,YM,"{""thr_sd"": 0.25, ""use_r12"": true, ""signal_end_min"": 600}",-0.20492884691504792,0.29170287525945027,-5.2811985472159355,7.518801452784062,413,0.9245488649042946,0.5,False
H2_IM,YM,"{""thr_sd"": 0.25, ""use_r12"": true, ""signal_end_min"": 630}",-0.3365291906345437,0.13706178530815946,-9.09664588528728,3.703354114712718,401,0.8783525737928841,0.5,False
H3_NOISE,ES,"{""mult"": 0.75, ""trail"": ""band"", ""check_min"": 15}",-0.5659908637959311,0.7603074192321085,-11.986917659805213,15.813082340194782,1846,0.9002513342623961,0.3333333333333333,False
H3_NOISE,ES,"{""mult"": 0.75, ""trail"": ""band"", ""check_min"": 30}",-0.2132720976143452,0.8209938648497409,-5.778480209685134,22.02151979031486,1407,0.9586541476584629,0.3333333333333333,False
H3_NOISE,ES,"{""mult"": 0.75, ""trail"": ""band_mean"", ""check_min"": 15}",-0.7913958678096678,0.7913497126238389,-14.041277186487838,13.758722813512158,2161,0.8680075063357539,0.3333333333333333,False
H3_NOISE,ES,"{""mult"": 0.75, ""trail"": ""band_mean"", ""check_min"": 30}",-0.29108418355764887,0.8885136603892035,-6.919540112053188,20.880459887946802,1562,0.945217991419423,0.3333333333333333,False
H3_NOISE,ES,"{""mult"": 1.0, ""trail"": ""band"", ""check_min"": 15}",-0.4879058123955819,0.6862510264062001,-11.647212894560242,16.15278710543975,1489,0.9025522941316275,0.3333333333333333,False
H3_NOISE,ES,"{""mult"": 1.0, ""trail"": ""band"", ""check_min"": 30}",-0.08767570354763062,0.8003678855031066,-2.763147677305413,25.03685232269458,1127,0.9804962996545064,0.5,False
H3_NOISE,ES,"{""mult"": 1.0, ""trail"": ""band_mean"", ""check_min"": 15}",-0.6351436817943611,0.6899230253313171,-13.426114457831382,14.373885542168612,1660,0.87831935168005,0.3333333333333333,False
H3_NOISE,ES,"{""mult"": 1.0, ""trail"": ""band_mean"", ""check_min"": 30}",-0.2073531463792511,0.7597154183548048,-5.999148046471364,21.80085195352864,1212,0.9551772672866898,0.5,False
H3_NOISE,ES,"{""mult"": 1.25, ""trail"": ""band"", ""check_min"": 15}",0.08086510636860372,1.07178340142779,2.289044183949407,30.08904418394941,1109,1.019492251627457,0.5,False
H3_NOISE,ES,"{""mult"": 1.25, ""trail"": ""band"", ""check_min"": 30}",0.2217348306185232,0.973102080080845,8.258642520554522,36.05864252055453,860,1.0591184998123346,0.6666666666666666,False
H3_NOISE,ES,"{""mult"": 1.25, ""trail"": ""band_mean"", ""check_min"": 15}",-0.08848795012819242,1.0097548544004757,-2.2585106382978997,25.541489361702094,1222,0.979599386924581,0.5,False
H3_NOISE,ES,"{""mult"": 1.25, ""trail"": ""band_mean"", ""check_min"": 30}",0.10039531632038468,0.908349890967296,3.477000619734512,31.277000619734512,916,1.0259845550933724,0.6666666666666666,False
H3_NOISE,NQ,"{""mult"": 0.75, ""trail"": ""band"", ""check_min"": 15}",0.6859016073001758,1.1490258772914366,19.192441558099038,31.992441558099028,1689,1.1463502361440683,0.6666666666666666,True
H3_NOISE,NQ,"{""mult"": 0.75, ""trail"": ""band"", ""check_min"": 30}",0.6862208561476492,1.0604450327707706,23.653597087239017,36.45359708723901,1324,1.1531220006583573,0.6666666666666666,True
H3_NOISE,NQ,"{""mult"": 0.75, ""trail"": ""band_mean"", ""check_min"": 15}",0.6537753919382512,1.2244443919286143,14.855307778575172,27.65530777857516,2043,1.1352912106906135,0.6666666666666666,True
H3_NOISE,NQ,"{""mult"": 0.75, ""trail"": ""band_mean"", ""check_min"": 30}",0.7814257984668205,1.2217978595974441,22.930675117213703,35.7306751172137,1509,1.171302387686826,0.6666666666666666,True
H3_NOISE,NQ,"{""mult"": 1.0, ""trail"": ""band"", ""check_min"": 15}",0.9703605445097847,1.3761533681225657,30.987577921643616,43.78757792164362,1332,1.2445333098023625,0.8333333333333334,True
H3_NOISE,NQ,"{""mult"": 1.0, ""trail"": ""band"", ""check_min"": 30}",1.1792471403970537,1.4999263259523186,47.40096957785726,60.200969577857265,1034,1.3258111367127332,0.8333333333333334,True
H3_NOISE,NQ,"{""mult"": 1.0, ""trail"": ""band_mean"", ""check_min"": 15}",0.9669487996015326,1.4486866387346276,26.021665890577456,38.82166589057745,1557,1.2362804531785485,0.8333333333333334,True
H3_NOISE,NQ,"{""mult"": 1.0, ""trail"": ""band_mean"", ""check_min"": 30}",1.27989690424729,1.6425216833094056,45.60023512850001,58.40023512850001,1143,1.3530640399873248,1.0,True
H3_NOISE,NQ,"{""mult"": 1.25, ""trail"": ""band"", ""check_min"": 15}",0.8897969581233666,1.2509593655787985,31.897647826380158,44.697647826380155,1108,1.2639339445315567,1.0,True
H3_NOISE,NQ,"{""mult"": 1.25, ""trail"": ""band"", ""check_min"": 30}",1.0736004799069707,1.3532706425307137,49.363480985538644,62.16348098553864,843,1.3485184160570332,0.8333333333333334,True
H3_NOISE,NQ,"{""mult"": 1.25, ""trail"": ""band_mean"", ""check_min"": 15}",0.8766973476767934,1.2900434055101233,27.44168833197215,40.24168833197215,1252,1.250778548956338,1.0,True
H3_NOISE,NQ,"{""mult"": 1.25, ""trail"": ""band_mean"", ""check_min"": 30}",1.1635375742396963,1.4731740734017817,48.33346565699583,61.13346565699582,912,1.3735240074344488,0.8333333333333334,True
H3_NOISE,YM,"{""mult"": 0.75, ""trail"": ""band"", ""check_min"": 15}",0.05412079772441754,0.7559975584081826,0.996194501583731,13.796194501583722,1729,1.010328006251577,0.6666666666666666,False
H3_NOISE,YM,"{""mult"": 0.75, ""trail"": ""band"", ""check_min"": 30}",0.019032642110954342,0.5721656176997438,0.4427249092587397,13.242724909258735,1369,1.0037867131577327,0.5,False
H3_NOISE,YM,"{""mult"": 0.75, ""trail"": ""band_mean"", ""check_min"": 15}",-0.008176635027646893,0.8466896325406147,-0.12370952150799593,12.676290478491994,2069,0.9984994862181715,0.3333333333333333,False
H3_NOISE,YM,"{""mult"": 0.75, ""trail"": ""band_mean"", ""check_min"": 30}",-0.0931797095812385,0.54352379949432,-1.8832350339788744,10.916764966021125,1544,0.9822849744041007,0.3333333333333333,False
H3_NOISE,YM,"{""mult"": 1.0, ""trail"": ""band"", ""check_min"": 15}",0.028666974696967114,0.6626624080865218,0.5825610108998666,13.38256101089986,1398,1.0060146213174366,0.5,False
H3_NOISE,YM,"{""mult"": 1.0, ""trail"": ""band"", ""check_min"": 30}",-0.030828201269177093,0.45903477850676383,-0.8083743963772231,11.991625603622774,1093,0.9932325194400644,0.3333333333333333,False
H3_NOISE,YM,"{""mult"": 1.0, ""trail"": ""band_mean"", ""check_min"": 15}",-0.009767082423686317,0.7296642867035147,-0.17030567685613407,12.62969432314386,1603,0.9980048766514958,0.3333333333333333,False
H3_NOISE,YM,"{""mult"": 1.0, ""trail"": ""band_mean"", ""check_min"": 30}",-0.07654973621845314,0.4693109971921047,-1.8021128426835222,10.997887157316475,1192,0.9836618620042202,0.3333333333333333,False
H3_NOISE,YM,"{""mult"": 1.25, ""trail"": ""band"", ""check_min"": 15}",0.14586124607552142,0.7053733121565737,3.359413714518769,16.15941371451877,1118,1.0353287634846768,0.5,False
H3_NOISE,YM,"{""mult"": 1.25, ""trail"": ""band"", ""check_min"": 30}",0.03978912258475267,0.4438777298932943,1.2651484402681181,14.06514844026811,854,1.0103336593457302,0.5,False
H3_NOISE,YM,"{""mult"": 1.25, ""trail"": ""band_mean"", ""check_min"": 15}",0.0980232714650908,0.7317734660895281,1.99362788365949,14.79362788365949,1253,1.0229848433046562,0.5,False
H3_NOISE,YM,"{""mult"": 1.25, ""trail"": ""band_mean"", ""check_min"": 30}",-0.0425499897881718,0.39934834314168194,-1.2369331462974724,11.563066853702525,927,0.9892127057660436,0.5,False
H4_OVERNIGHT,ES,"{""entry_min"": 1080, ""exit_min"": 240, ""stop_atr"": NaN}",-0.4406498588538717,0.7587855438898019,-9.910575048732802,17.889424951267195,1026,0.9054912350573552,0.3333333333333333,False
H4_OVERNIGHT,ES,"{""entry_min"": 1080, ""exit_min"": 240, ""stop_atr"": 1.0}",-0.4035468952483586,0.8282383796672429,-8.808855472013247,18.99114452798674,1026,0.9151054861153335,0.3333333333333333,False
H4_OVERNIGHT,ES,"{""entry_min"": 1080, ""exit_min"": 570, ""stop_atr"": NaN}",-0.3284749239199613,0.5301726402381292,-9.903557504873103,17.89644249512689,1026,0.9365995342169597,0.5,False
H4_OVERNIGHT,ES,"{""entry_min"": 1080, ""exit_min"": 570, ""stop_atr"": 1.0}",-0.39902662633189584,0.4685282783092891,-12.047166527429496,15.752833472570497,1026,0.9237261113930113,0.3333333333333333,False
H4_OVERNIGHT,ES,"{""entry_min"": 1200, ""exit_min"": 240, ""stop_atr"": NaN}",-0.5588682517259069,0.7062489130904009,-11.817919921874944,15.98208007812505,1024,0.8839096894694158,0.16666666666666666,False
H4_OVERNIGHT,ES,"{""entry_min"": 1200, ""exit_min"": 240, ""stop_atr"": 1.0}",-0.5465531317377166,0.7436000369078652,-11.315945870535705,16.484054129464287,1024,0.8882898588169093,0.3333333333333333,False
H4_OVERNIGHT,ES,"{""entry_min"": 1200, ""exit_min"": 570, ""stop_atr"": NaN}",-0.3729034718997729,0.5065756440661091,-10.8980957031249,16.90190429687509,1024,0.9295449731508056,0.5,False
H4_OVERNIGHT,ES,"{""entry_min"": 1200, ""exit_min"": 570, ""stop_atr"": 1.0}",-0.4638257916744473,0.42145633552050066,-13.665785435267745,14.13421456473225,1024,0.9130760082618145,0.3333333333333333,False
H4_OVERNIGHT,ES,"{""entry_min"": 0, ""exit_min"": 240, ""stop_atr"": NaN}",-0.9167379630643315,0.5790354085741899,-17.039313984168864,10.760686015831137,1137,0.8203996156525634,0.16666666666666666,False
H4_OVERNIGHT,ES,"{""entry_min"": 0, ""exit_min"": 240, ""stop_atr"": 1.0}",-0.8700459173954651,0.6754883805658136,-15.650458600326683,12.149541399673314,1137,0.8325878914577851,0.16666666666666666,False
H4_OVERNIGHT,ES,"{""entry_min"": 120, ""exit_min"": 240, ""stop_atr"": NaN}",-1.1948662200310052,0.40262154089649865,-20.79557405784405,7.004425942155948,1141,0.772757636397852,0.0,False
H4_OVERNIGHT,ES,"{""entry_min"": 120, ""exit_min"": 240, ""stop_atr"": 1.0}",-1.1575645696494237,0.5004616060602219,-19.410842619256357,8.389157380743642,1141,0.7846303235732314,0.0,False
H4_OVERNIGHT,ES,"{""entry_min"": 0, ""exit_min"": 570, ""stop_atr"": NaN}",-0.3511412419974294,0.609390280029139,-10.162313104661347,17.637686895338646,1137,0.9318046876291072,0.3333333333333333,False
H4_OVERNIGHT,ES,"{""entry_min"": 0, ""exit_min"": 570, ""stop_atr"": 1.0}",-0.3490819793107712,0.6275851182456915,-9.935751978891755,17.86424802110824,1137,0.9331475556615494,0.3333333333333333,False
H4_OVERNIGHT,NQ,"{""entry_min"": 1080, ""exit_min"": 240, ""stop_atr"": NaN}",0.20731342575947953,0.7197794054713066,5.640680272108609,18.440680272108608,1029,1.0570619784872972,0.5,False
H4_OVERNIGHT,NQ,"{""entry_min"": 1080, ""exit_min"": 240, ""stop_atr"": 1.0}",0.21968209582562853,0.7381266077765913,5.884929890323246,18.684929890323243,1029,1.0596803067834808,0.5,False
H4_OVERNIGHT,NQ,"{""entry_min"": 1080, ""exit_min"": 570, ""stop_atr"": NaN}",0.2716098150045328,0.645727903374053,10.125953307393234,22.92595330739323,1028,1.066503455669177,0.6666666666666666,False
H4_OVERNIGHT,NQ,"{""entry_min"": 1080, ""exit_min"": 570, ""stop_atr"": 1.0}",0.2056148872944301,0.5787667853421946,7.898450528071365,20.69845052807136,1028,1.0511614107640492,0.6666666666666666,False
H4_OVERNIGHT,NQ,"{""entry_min"": 1200, ""exit_min"": 240, ""stop_atr"": NaN}",0.14654984090108708,0.6861119553174511,3.8912925170064496,16.691292517006445,1029,1.0401456421744664,0.5,False
H4_OVERNIGHT,NQ,"{""entry_min"": 1200, ""exit_min"": 240, ""stop_atr"": 1.0}",0.12431515864314971,0.6647391744548351,3.361956129390173,16.16195612939017,1029,1.034496205023851,0.5,False
H4_OVERNIGHT,NQ,"{""entry_min"": 1200, ""exit_min"": 570, ""stop_atr"": NaN}",0.22841330617235264,0.6136395349437386,8.37486381322969,21.17486381322969,1028,1.05568655697734,0.6666666666666666,False
H4_OVERNIGHT,NQ,"{""entry_min"": 1200, ""exit_min"": 570, ""stop_atr"": 1.0}",0.07410970671497477,0.4529255782153749,3.316100611450844,16.11610061145084,1028,1.021373311289092,0.5,False
H4_OVERNIGHT,NQ,"{""entry_min"": 0, ""exit_min"": 240, ""stop_atr"": NaN}",-0.19511978084674428,0.4714635874651168,-3.7466140350879087,9.053385964912092,1140,0.9580563862386227,0.3333333333333333,False
H4_OVERNIGHT,NQ,"{""entry_min"": 0, ""exit_min"": 240, ""stop_atr"": 1.0}",-0.13638352638507614,0.5415983357109285,-2.574682957393675,10.225317042606324,1140,0.97079304808707,0.3333333333333333,False
H4_OVERNIGHT,NQ,"{""entry_min"": 120, ""exit_min"": 240, ""stop_atr"": NaN}",-0.4304497792730943,0.2981606031572529,-7.562099737533056,5.237900262466945,1143,0.9106365081544413,0.3333333333333333,False
H4_OVERNIGHT,NQ,"{""entry_min"": 120, ""exit_min"": 240, ""stop_atr"": 1.0}",-0.3713377427863468,0.37212242180722055,-6.393244594425946,6.406755405574055,1143,0.9233910267501574,0.3333333333333333,False
H4_OVERNIGHT,NQ,"{""entry_min"": 0, ""exit_min"": 570, ""stop_atr"": NaN}",0.1029584716018398,0.5323439207851957,3.0688674275682897,15.868867427568281,1139,1.0210257392429152,0.6666666666666666,False
H4_OVERNIGHT,NQ,"{""entry_min"": 0, ""exit_min"": 570, ""stop_atr"": 1.0}",0.0568617853226144,0.4831014091108658,1.7074212968771996,14.507421296877192,1139,1.0115899525303265,0.5,False
H4_OVERNIGHT,YM,"{""entry_min"": 1080, ""exit_min"": 240, ""stop_atr"": NaN}",0.1771984810553961,0.8411388401024106,3.710547808763781,16.51054780876378,1004,1.0456807823900172,0.5,False
H4_OVERNIGHT,YM,"{""entry_min"": 1080, ""exit_min"": 240, ""stop_atr"": 1.0}",0.25195840643012946,0.9332037828231764,5.021890295957872,17.82189029595787,1004,1.0628392788916117,0.5,False
H4_OVERNIGHT,YM,"{""entry_min"": 1080, ""exit_min"": 570, ""stop_atr"": NaN}",-0.11908997737220295,0.3348952234743261,-2.5615936254993645,10.23840637450063,1004,0.9809586205898213,0.6666666666666666,False
H4_OVERNIGHT,YM,"{""entry_min"": 1080, ""exit_min"": 570, ""stop_atr"": 1.0}",-0.1002199941931463,0.361379737075578,-1.985241178145865,10.814758821854133,1004,0.9851749586568226,0.6666666666666666,False
H4_OVERNIGHT,YM,"{""entry_min"": 1200, ""exit_min"": 240, ""stop_atr"": NaN}",0.13540002920075805,0.8370460422877418,2.8469272908354464,15.64692729083544,1004,1.0361374853231193,0.5,False
H4_OVERNIGHT,YM,"{""entry_min"": 1200, ""exit_min"": 240, ""stop_atr"": 1.0}",0.11741555656075989,0.8209168168336985,2.5147264513363146,15.314726451336307,1004,1.0317866546202088,0.5,False
H4_OVERNIGHT,YM,"{""entry_min"": 1200, ""exit_min"": 570, ""stop_atr"": NaN}",-0.15702820966560696,0.3100488022080634,-3.425214143427701,9.374785856572293,1004,0.9742532914338048,0.5,False
H4_OVERNIGHT,YM,"{""entry_min"": 1200, ""exit_min"": 570, ""stop_atr"": 1.0}",-0.21799576199607942,0.25115699474662245,-5.063101878202836,7.73689812179716,1004,0.9623693048160363,0.3333333333333333,False
H4_OVERNIGHT,YM,"{""entry_min"": 0, ""exit_min"": 240, ""stop_atr"": NaN}",-0.15614658575482376,0.6799206769443581,-2.390305755396983,10.409694244603015,1112,0.9675101357407097,0.5,False
H4_OVERNIGHT,YM,"{""entry_min"": 0, ""exit_min"": 240, ""stop_atr"": 1.0}",-0.10781230825253094,0.7439725713600814,-1.6198875899293634,11.180112410070635,1112,0.977748917780985,0.5,False
H4_OVERNIGHT,YM,"{""entry_min"": 120, ""exit_min"": 240, ""stop_atr"": NaN}",-0.34994941668573987,0.5523452067942444,-4.964233183857692,7.835766816142308,1115,0.9286074004854039,0.3333333333333333,False
H4_OVERNIGHT,YM,"{""entry_min"": 120, ""exit_min"": 240, ""stop_atr"": 1.0}",-0.3022556972098152,0.6197523542589444,-4.195887892377878,8.604112107622122,1115,0.9389830479737296,0.3333333333333333,False
H4_OVERNIGHT,YM,"{""entry_min"": 0, ""exit_min"": 570, ""stop_atr"": NaN}",-0.2521478863720935,0.26267385594131976,-6.269141187051902,6.530858812948093,1112,0.9516316437120521,0.5,False
H4_OVERNIGHT,YM,"{""entry_min"": 0, ""exit_min"": 570, ""stop_atr"": 1.0}",-0.2326973266802062,0.28843972560168574,-5.715408209148498,7.084591790851498,1112,0.9557146675782084,0.5,False
H5_GAPFADE,ES,"{""gap_min_atr"": 0.2, ""stop_atr"": 0.5, ""exit_min"": 720}",-1.1401570339610563,-0.3720847807740107,-36.378380354784035,-11.765302415550224,757,0.7781706620605131,0.0,False
H5_GAPFADE,ES,"{""gap_min_atr"": 0.2, ""stop_atr"": 0.5, ""exit_min"": 960}",-1.1811132064260792,-0.6080192259695675,-47.27938290243424,-24.10289677297587,757,0.7770335628705884,0.0,False
H5_GAPFADE,ES,"{""gap_min_atr"": 0.2, ""stop_atr"": 1.0, ""exit_min"": 720}",-0.9388366333440998,-0.17883195654447082,-30.325566144555456,-5.729000754859288,757,0.8102584314660957,0.0,False
H5_GAPFADE,ES,"{""gap_min_atr"": 0.2, ""stop_atr"": 1.0, ""exit_min"": 960}",-1.0254487346979622,-0.5320252791545537,-47.43996980562358,-24.42860917154169,757,0.7910629658025569,0.16666666666666666,False
H5_GAPFADE,ES,"{""gap_min_atr"": 0.4, ""stop_atr"": 0.5, ""exit_min"": 720}",-1.0259052783631655,-0.4848863855379165,-48.70843203352771,-22.821697339650175,392,0.7355607484228267,0.3333333333333333,False
H5_GAPFADE,ES,"{""gap_min_atr"": 0.4, ""stop_atr"": 0.5, ""exit_min"": 960}",-0.9638359202666447,-0.5707590190446034,-59.37631650874619,-34.82886752915437,392,0.7556779392286631,0.0,False
H5_GAPFADE,ES,"{""gap_min_atr"": 0.4, ""stop_atr"": 1.0, ""exit_min"": 720}",-0.8851440029772643,-0.3526222225999755,-42.75647776967902,-16.90163083090353,392,0.7640490214015767,0.3333333333333333,False
H5_GAPFADE,ES,"{""gap_min_atr"": 0.4, ""stop_atr"": 1.0, ""exit_min"": 960}",-0.7906130667199419,-0.4465999146895822,-55.67771501457709,-31.225929300291376,392,0.7841576921123505,0.16666666666666666,False
H5_GAPFADE,NQ,"{""gap_min_atr"": 0.2, ""stop_atr"": 0.5, ""exit_min"": 720}",-0.24749400995736548,0.010403271029594707,-10.687705189166842,0.44804010750463963,691,0.9435327127044318,0.5,False
H5_GAPFADE,NQ,"{""gap_min_atr"": 0.2, ""stop_atr"": 0.5, ""exit_min"": 960}",-0.5755202547376947,-0.3774556638885939,-30.92112879884229,-20.219536903039113,691,0.8774241101121762,0.5,False
H5_GAPFADE,NQ,"{""gap_min_atr"": 0.2, ""stop_atr"": 1.0, ""exit_min"": 720}",-0.2426032206954542,-0.0028355467129817535,-11.25980359727121,-0.13129419061420228,691,0.9417030870267045,0.5,False
H5_GAPFADE,NQ,"{""gap_min_atr"": 0.2, ""stop_atr"": 1.0, ""exit_min"": 960}",-0.5411754137432084,-0.3737874563951545,-34.14118255116824,-23.526421335538725,691,0.876271918346923,0.5,False
H5_GAPFADE,NQ,"{""gap_min_atr"": 0.4, ""stop_atr"": 0.5, ""exit_min"": 720}",-0.38203948863655024,-0.20309679573561903,-24.94189662189676,-13.224517704517849,351,0.8847652216701,0.3333333333333333,False
H5_GAPFADE,NQ,"{""gap_min_atr"": 0.4, ""stop_atr"": 0.5, ""exit_min"": 960}",-0.40474163152976905,-0.2656339351378729,-32.58980870980857,-21.32827024827012,351,0.8821721957368239,0.3333333333333333,False
H5_GAPFADE,NQ,"{""gap_min_atr"": 0.4, ""stop_atr"": 1.0, ""exit_min"": 720}",-0.11609610169884704,0.060291702642207984,-7.708107448107874,3.9950264550260237,351,0.962484858309909,0.6666666666666666,False
H5_GAPFADE,NQ,"{""gap_min_atr"": 0.4, ""stop_atr"": 1.0, ""exit_min"": 960}",-0.14988288494680901,-0.025911853152649978,-13.48897435897461,-2.327150997151256,351,0.9528812130627257,0.5,False
H5_GAPFADE,YM,"{""gap_min_atr"": 0.2, ""stop_atr"": 0.5, ""exit_min"": 720}",-0.6823841068925585,-0.28897314756636533,-19.840555366847457,-8.372077105977889,736,0.8585926866775733,0.16666666666666666,False
H5_GAPFADE,YM,"{""gap_min_atr"": 0.2, ""stop_atr"": 0.5, ""exit_min"": 960}",-0.7733338530792944,-0.48101478622198734,-28.82691867236009,-17.861157802794878,736,0.8426112091503976,0.16666666666666666,False
H5_GAPFADE,YM,"{""gap_min_atr"": 0.2, ""stop_atr"": 1.0, ""exit_min"": 720}",-0.5564431990394703,-0.16914948819170172,-16.434077057452956,-4.979185753105133,736,0.8806574577512294,0.16666666666666666,False
H5_GAPFADE,YM,"{""gap_min_atr"": 0.2, ""stop_atr"": 1.0, ""exit_min"": 960}",-0.5986763933491377,-0.3427173705021287,-25.370882666925116,-14.479850058229468,736,0.8675923116471664,0.16666666666666666,False
H5_GAPFADE,YM,"{""gap_min_atr"": 0.4, ""stop_atr"": 0.5, ""exit_min"": 720}",-0.7387834947515263,-0.4520915206358864,-30.705820881923668,-18.722147412535918,392,0.8011125166598432,0.0,False
H5_GAPFADE,YM,"{""gap_min_atr"": 0.4, ""stop_atr"": 0.5, ""exit_min"": 960}",-0.5527043868558313,-0.34453761547634576,-30.419079810495603,-18.894590014577247,392,0.8460794731552187,0.16666666666666666,False
H5_GAPFADE,YM,"{""gap_min_atr"": 0.4, ""stop_atr"": 1.0, ""exit_min"": 720}",-0.555274141808521,-0.26526862716657523,-22.854866071427974,-10.883947704081047,392,0.8448226460954821,0.16666666666666666,False
H5_GAPFADE,YM,"{""gap_min_atr"": 0.4, ""stop_atr"": 1.0, ""exit_min"": 960}",-0.4360096957041048,-0.2529137723041612,-27.217797011661556,-15.744327623906452,392,0.8686764944203466,0.3333333333333333,False
