hid,mkt,prm,tr_sh,va_sh,tv_sh,tv_n,tv_exp,tv_pf,tv_dd
H3_NOISE,ES,"{""lookback"": 10, ""mult"": 0.75, ""trail"": ""band_mean"", ""check_min"": 30}",0.46661147120247254,0.018276819823111263,0.3133697751602296,2159,20.031588704129764,1.0613616558570984,35517.90293137785
H3_NOISE,ES,"{""lookback"": 10, ""mult"": 0.75, ""trail"": ""band_mean"", ""check_min"": 60}",0.6052596226228175,-0.17138171649854572,0.33488241510734235,1558,30.3064622247249,1.0753784030386704,42779.35561056362
H3_NOISE,ES,"{""lookback"": 10, ""mult"": 1.0, ""trail"": ""band_mean"", ""check_min"": 30}",0.41710041438929196,-0.18565336394244752,0.21108995576872866,1671,16.291979489759978,1.0468040633225448,40868.553160706586
H3_NOISE,ES,"{""lookback"": 10, ""mult"": 1.0, ""trail"": ""band_mean"", ""check_min"": 60}",0.7192659129146837,-0.24541260187457833,0.4094758124406688,1219,41.625504766477654,1.1028371617344919,36829.68237870068
H3_NOISE,ES,"{""lookback"": 10, ""mult"": 1.25, ""trail"": ""band_mean"", ""check_min"": 30}",0.6612121279829937,-0.31724985593826077,0.3221479224417571,1281,29.841921209477302,1.0851214672311795,38846.959105447735
H3_NOISE,ES,"{""lookback"": 10, ""mult"": 1.25, ""trail"": ""band_mean"", ""check_min"": 60}",0.8261024990987235,-0.27915430089202803,0.46902115034902175,934,56.066250707978455,1.1358781710210564,41940.77614372142
H3_NOISE,ES,"{""lookback"": 10, ""mult"": 1.5, ""trail"": ""band_mean"", ""check_min"": 30}",0.6216163819118328,-0.5919564695854289,0.1914684866289883,1015,21.137251380815893,1.0570862210550294,47658.675519232536
H3_NOISE,ES,"{""lookback"": 10, ""mult"": 1.5, ""trail"": ""band_mean"", ""check_min"": 60}",0.8338436652014816,-0.4151219828448054,0.44980646302274263,723,62.2018051207212,1.1476070941032157,29571.94225909408
H3_NOISE,ES,"{""lookback"": 14, ""mult"": 0.75, ""trail"": ""band_mean"", ""check_min"": 30}",0.3658774272521195,0.1005101642411812,0.27799089443429037,2111,17.964228880245685,1.0539449198133377,51676.32058901645
H3_NOISE,ES,"{""lookback"": 14, ""mult"": 0.75, ""trail"": ""band_mean"", ""check_min"": 60}",0.48887970826436256,-0.44217315429018783,0.17879413018187973,1530,16.41080395465764,1.0393127871798382,46747.59152070824
H3_NOISE,ES,"{""lookback"": 14, ""mult"": 1.0, ""trail"": ""band_mean"", ""check_min"": 30}",0.36091855675956913,0.10499649848713995,0.27332221025994285,1629,21.951921914144712,1.0624893089420062,34615.87431331891
H3_NOISE,ES,"{""lookback"": 14, ""mult"": 1.0, ""trail"": ""band_mean"", ""check_min"": 60}",0.6350842729731919,0.057128728341100686,0.4464174686439983,1179,47.6101882220933,1.1141968826266913,30809.142137979492
H3_NOISE,ES,"{""lookback"": 14, ""mult"": 1.25, ""trail"": ""band_mean"", ""check_min"": 30}",0.6290878508719502,0.15975702264190275,0.45874017569280606,1240,44.479789833094294,1.1246451852985484,31529.92646699225
H3_NOISE,ES,"{""lookback"": 14, ""mult"": 1.25, ""trail"": ""band_mean"", ""check_min"": 60}",0.7800976784722707,0.26545805907009856,0.6101538079809719,908,74.71740860147334,1.1808215262153958,20694.36905724206
H3_NOISE,ES,"{""lookback"": 14, ""mult"": 1.5, ""trail"": ""band_mean"", ""check_min"": 30}",0.8169648941279218,-0.30565965943810175,0.4166796095148119,972,46.37132527138784,1.1298881955634452,43185.46157656493
H3_NOISE,ES,"{""lookback"": 14, ""mult"": 1.5, ""trail"": ""band_mean"", ""check_min"": 60}",0.8670059101659321,-0.04084808391371461,0.5662534045346623,701,81.05344573327419,1.1967599554087462,26712.78732975723
H3_NOISE,ES,"{""lookback"": 20, ""mult"": 0.75, ""trail"": ""band_mean"", ""check_min"": 30}",0.4566010971716496,0.3478512192497567,0.41974483236331955,2051,27.618724191727875,1.0827089550783269,36497.89240670009
H3_NOISE,ES,"{""lookback"": 20, ""mult"": 0.75, ""trail"": ""band_mean"", ""check_min"": 60}",0.5525484129854789,-0.22356571030578717,0.29927762521968393,1495,27.789044500787185,1.06739703220822,40000.078898438325
H3_NOISE,ES,"{""lookback"": 20, ""mult"": 1.0, ""trail"": ""band_mean"", ""check_min"": 30}",0.423380540546728,0.2090898183029315,0.35202413379741765,1612,27.693197924060982,1.0789312292298894,35404.94309893836
H3_NOISE,ES,"{""lookback"": 20, ""mult"": 1.0, ""trail"": ""band_mean"", ""check_min"": 60}",0.5883595358842453,-0.39344885863911166,0.2577017462747334,1162,28.891073684402368,1.0660441849907287,40365.25683468896
H3_NOISE,ES,"{""lookback"": 20, ""mult"": 1.25, ""trail"": ""band_mean"", ""check_min"": 30}",0.620147683040963,0.29833584115719297,0.502320767386459,1200,50.10449935867419,1.1365127258503558,27246.360432528614
H3_NOISE,ES,"{""lookback"": 20, ""mult"": 1.25, ""trail"": ""band_mean"", ""check_min"": 60}",0.7508979151715984,0.1377286204894654,0.541386389808556,884,69.1268378511648,1.161868908027073,18245.437625398466
H3_NOISE,ES,"{""lookback"": 20, ""mult"": 1.5, ""trail"": ""band_mean"", ""check_min"": 30}",0.7097242544639347,-0.010300748727541985,0.44136152200097745,961,51.229526009542646,1.13900299407908,32408.71910444527
H3_NOISE,ES,"{""lookback"": 20, ""mult"": 1.5, ""trail"": ""band_mean"", ""check_min"": 60}",0.783052991087992,-0.11630975436884214,0.47358944021245597,699,69.12690125782639,1.1606454136967677,28791.450474510828
H3_NOISE,NQ,"{""lookback"": 10, ""mult"": 0.75, ""trail"": ""band_mean"", ""check_min"": 30}",1.1229489058022746,0.6183838472195747,0.9502406979636967,2078,108.64925244604191,1.198852572550077,57624.80520008522
H3_NOISE,NQ,"{""lookback"": 10, ""mult"": 0.75, ""trail"": ""band_mean"", ""check_min"": 60}",1.0643097345712649,0.4420422141471722,0.858176534255036,1546,131.3368175879401,1.1963560917135034,46567.79351488172
H3_NOISE,NQ,"{""lookback"": 10, ""mult"": 1.0, ""trail"": ""band_mean"", ""check_min"": 30}",1.4774830957260898,0.01633239898806579,0.9714215461897443,1644,130.11575981587075,1.2387773682771197,50260.714182740136
H3_NOISE,NQ,"{""lookback"": 10, ""mult"": 1.0, ""trail"": ""band_mean"", ""check_min"": 60}",1.676770447926384,0.5026552928140761,1.3102283439796398,1200,225.59359600011138,1.3584921119078284,26054.523308727163
H3_NOISE,NQ,"{""lookback"": 10, ""mult"": 1.25, ""trail"": ""band_mean"", ""check_min"": 30}",1.2666549891757048,0.3582629738059223,0.9941126867735821,1289,148.05448365473376,1.2768204447651097,37740.86756273921
H3_NOISE,NQ,"{""lookback"": 10, ""mult"": 1.25, ""trail"": ""band_mean"", ""check_min"": 60}",1.7495353688288136,0.5361140803152054,1.3844353510683283,937,281.55556958669996,1.4559328865953693,39340.65603036227
H3_NOISE,NQ,"{""lookback"": 10, ""mult"": 1.5, ""trail"": ""band_mean"", ""check_min"": 30}",1.1732465371185377,-0.015407199777468846,0.8221648144647286,1021,141.6903215753643,1.2557004070806925,42704.11289824669
H3_NOISE,NQ,"{""lookback"": 10, ""mult"": 1.5, ""trail"": ""band_mean"", ""check_min"": 60}",1.6023756738454495,-0.07127655944653727,1.1469350436409211,737,260.94682946041445,1.4268454332632823,53184.48551821883
H3_NOISE,NQ,"{""lookback"": 14, ""mult"": 0.75, ""trail"": ""band_mean"", ""check_min"": 30}",1.0741009007847329,0.3720027022497354,0.8433080631426979,2046,97.35175867457946,1.173820888720925,55135.331861164974
H3_NOISE,NQ,"{""lookback"": 14, ""mult"": 0.75, ""trail"": ""band_mean"", ""check_min"": 60}",1.093340331536385,0.6568471959904298,0.9519447141433829,1508,146.89662406464714,1.2190282435389577,39752.48892860202
H3_NOISE,NQ,"{""lookback"": 14, ""mult"": 1.0, ""trail"": ""band_mean"", ""check_min"": 30}",1.5332359868102583,-0.03786550318452072,1.0002941116606907,1585,138.1901961232623,1.2464933791797816,65271.74517715059
H3_NOISE,NQ,"{""lookback"": 14, ""mult"": 1.0, ""trail"": ""band_mean"", ""check_min"": 60}",1.5426677394343666,0.2473709808075534,1.1396417115466675,1168,205.0572935499203,1.3116233536844915,38261.75912366671
H3_NOISE,NQ,"{""lookback"": 14, ""mult"": 1.25, ""trail"": ""band_mean"", ""check_min"": 30}",1.4135987079071142,0.33424755204657036,1.0961138304545228,1263,165.18157325228444,1.3102855628659953,34805.83351674807
H3_NOISE,NQ,"{""lookback"": 14, ""mult"": 1.25, ""trail"": ""band_mean"", ""check_min"": 60}",1.6446913025762664,0.41112686112254054,1.2801648188094255,929,256.7845639822914,1.4140655216485363,33714.75492863063
H3_NOISE,NQ,"{""lookback"": 14, ""mult"": 1.5, ""trail"": ""band_mean"", ""check_min"": 30}",1.2822046405607157,-0.033838805649194545,0.87034911281436,979,153.86621757057839,1.2824714714254635,44867.116217304734
H3_NOISE,NQ,"{""lookback"": 14, ""mult"": 1.5, ""trail"": ""band_mean"", ""check_min"": 60}",1.7105826143386207,-0.12475495474206698,1.1742960259799622,716,268.59639324694814,1.4456623448139398,47919.01095894279
H3_NOISE,NQ,"{""lookback"": 20, ""mult"": 0.75, ""trail"": ""band_mean"", ""check_min"": 30}",1.505319569236039,0.03044867478139068,1.0020045384735676,2011,118.01593532521723,1.2135038426467124,61100.557582319394
H3_NOISE,NQ,"{""lookback"": 20, ""mult"": 0.75, ""trail"": ""band_mean"", ""check_min"": 60}",1.3854398613263321,0.4543855006946424,1.0795888592391087,1491,168.4266240286283,1.2561401144150357,46130.91499849496
H3_NOISE,NQ,"{""lookback"": 20, ""mult"": 1.0, ""trail"": ""band_mean"", ""check_min"": 30}",1.5292777459079987,0.08548815425283413,1.0399717167095568,1554,146.95101092420379,1.2615341833431442,62460.53047903045
H3_NOISE,NQ,"{""lookback"": 20, ""mult"": 1.0, ""trail"": ""band_mean"", ""check_min"": 60}",1.5453018889283985,0.5474809585054214,1.2397145800214011,1154,226.0037862955202,1.347363737948421,35060.342717647756
H3_NOISE,NQ,"{""lookback"": 20, ""mult"": 1.25, ""trail"": ""band_mean"", ""check_min"": 30}",1.5569598194042809,-0.25921296135438027,0.9554112958500893,1224,156.07735034937687,1.2774987371877558,63589.85407167405
H3_NOISE,NQ,"{""lookback"": 20, ""mult"": 1.25, ""trail"": ""band_mean"", ""check_min"": 60}",1.8609481390685298,0.16046154700500795,1.368305298624346,891,283.932479125198,1.4552931017074544,36068.39706053914
H3_NOISE,NQ,"{""lookback"": 20, ""mult"": 1.5, ""trail"": ""band_mean"", ""check_min"": 30}",1.2543458166416006,-0.07590822776438495,0.8392110716710278,952,155.98077363003313,1.2694333903488304,44120.96413049626
H3_NOISE,NQ,"{""lookback"": 20, ""mult"": 1.5, ""trail"": ""band_mean"", ""check_min"": 60}",1.5326953056434072,0.22500020793492184,1.1323033708609245,694,277.28815901769457,1.428843179258761,42272.937864563544
H3_NOISE,YM,"{""lookback"": 10, ""mult"": 0.75, ""trail"": ""band_mean"", ""check_min"": 30}",0.16352001082461998,-0.6299883458255554,-0.13330734577730685,2154,-6.388169662994968,0.9746327592018809,33248.76733190193
H3_NOISE,YM,"{""lookback"": 10, ""mult"": 0.75, ""trail"": ""band_mean"", ""check_min"": 60}",0.30661881342549413,-0.40858853972707365,0.046637471051296855,1538,2.9907463733470685,1.0099751704956,40884.60022270519
H3_NOISE,YM,"{""lookback"": 10, ""mult"": 1.0, ""trail"": ""band_mean"", ""check_min"": 30}",0.15899699908069612,-0.6609793688154205,-0.13556242640483773,1701,-7.469664224566116,0.9706111204089415,34967.56984237523
H3_NOISE,YM,"{""lookback"": 10, ""mult"": 1.0, ""trail"": ""band_mean"", ""check_min"": 60}",0.5847096340641208,-0.5379094968263622,0.17133829991411198,1183,13.022221623855463,1.0429078785804864,33939.10405728768
H3_NOISE,YM,"{""lookback"": 10, ""mult"": 1.25, ""trail"": ""band_mean"", ""check_min"": 30}",0.3910411685698381,-0.6344082162093851,0.0286165250987074,1311,1.8210268428177054,1.0070243734797488,33539.14644986114
H3_NOISE,YM,"{""lookback"": 10, ""mult"": 1.25, ""trail"": ""band_mean"", ""check_min"": 60}",0.5938696801408363,-0.36782980955052913,0.2358917115750027,938,20.550305543356302,1.0659597334324258,27897.89198210455
H3_NOISE,YM,"{""lookback"": 10, ""mult"": 1.5, ""trail"": ""band_mean"", ""check_min"": 30}",0.43348856182893314,-0.2499499547009903,0.1957388778096865,1063,12.934327709606578,1.0534077079878068,21643.202782816144
H3_NOISE,YM,"{""lookback"": 10, ""mult"": 1.5, ""trail"": ""band_mean"", ""check_min"": 60}",0.5010855098369078,-0.7909319895857675,0.005651781188766746,761,0.5519313308098112,1.0017737929011714,34103.035119510445
H3_NOISE,YM,"{""lookback"": 14, ""mult"": 0.75, ""trail"": ""band_mean"", ""check_min"": 30}",0.2150234736972439,-0.4316297073420138,-0.02780385246072881,2111,-1.3464491226565012,0.9946453798831015,31766.58044070755
H3_NOISE,YM,"{""lookback"": 14, ""mult"": 0.75, ""trail"": ""band_mean"", ""check_min"": 60}",0.18589788360993617,-0.296382073259433,0.012848104962796604,1520,0.8400814768566862,1.0027357735826055,34099.166972404535
H3_NOISE,YM,"{""lookback"": 14, ""mult"": 1.0, ""trail"": ""band_mean"", ""check_min"": 30}",0.1942022808490829,-0.68145941983523,-0.1309991098239918,1659,-7.2092511250750615,0.9721840795785853,38399.40546855859
H3_NOISE,YM,"{""lookback"": 14, ""mult"": 1.0, ""trail"": ""band_mean"", ""check_min"": 60}",0.44059350409856707,-0.22903008710831943,0.1919866860071888,1172,14.575910778033288,1.0483708944763455,20965.720442430673
H3_NOISE,YM,"{""lookback"": 14, ""mult"": 1.25, ""trail"": ""band_mean"", ""check_min"": 30}",0.19835783076913618,-0.2335144217459686,0.041262376723781954,1277,2.725454387165183,1.0101849623930212,27880.138610216803
H3_NOISE,YM,"{""lookback"": 14, ""mult"": 1.25, ""trail"": ""band_mean"", ""check_min"": 60}",0.5124880592664465,-0.10569609301426056,0.2811654239859763,902,25.564104913170617,1.0814311816047173,20181.092867563544
H3_NOISE,YM,"{""lookback"": 14, ""mult"": 1.5, ""trail"": ""band_mean"", ""check_min"": 30}",0.05183757840915075,-0.1576245288622157,-0.025117487341874696,1028,-1.9413158225703504,0.9927400824594242,25454.80373511425
H3_NOISE,YM,"{""lookback"": 14, ""mult"": 1.5, ""trail"": ""band_mean"", ""check_min"": 60}",0.22709238637164877,-0.48544941363200494,-0.04524597566585293,741,-4.748413073131294,0.9854212909059269,30495.016850298947
H3_NOISE,YM,"{""lookback"": 20, ""mult"": 0.75, ""trail"": ""band_mean"", ""check_min"": 30}",0.10846712125860829,-0.023312518097503086,0.05805524587006217,2070,2.8543630106981057,1.0111670048704284,21813.83519795107
H3_NOISE,YM,"{""lookback"": 20, ""mult"": 0.75, ""trail"": ""band_mean"", ""check_min"": 60}",0.3574212670223845,0.10515144246919002,0.2639354726318844,1460,17.7670162041181,1.0580954353877132,25671.872739654136
H3_NOISE,YM,"{""lookback"": 20, ""mult"": 1.0, ""trail"": ""band_mean"", ""check_min"": 30}",0.35723409205232204,-0.19917147267652202,0.14298237549868364,1628,8.144396705699371,1.0319965997798846,23764.08862599218
H3_NOISE,YM,"{""lookback"": 20, ""mult"": 1.0, ""trail"": ""band_mean"", ""check_min"": 60}",0.5018548137045522,-0.32420756801007133,0.1991255224054303,1157,15.588259149411268,1.0508148913640678,23822.655888235444
H3_NOISE,YM,"{""lookback"": 20, ""mult"": 1.25, ""trail"": ""band_mean"", ""check_min"": 30}",0.47359630985724877,-0.04834793183304665,0.2725629250854969,1230,19.178194435541318,1.0729784535630045,23851.557508922095
H3_NOISE,YM,"{""lookback"": 20, ""mult"": 1.25, ""trail"": ""band_mean"", ""check_min"": 60}",0.4750150274170598,0.0004140374045921052,0.29013516508610154,899,27.0269628491371,1.0858102062279542,20522.330167310654
H3_NOISE,YM,"{""lookback"": 20, ""mult"": 1.5, ""trail"": ""band_mean"", ""check_min"": 30}",0.1875617827390376,-0.2648196232331349,0.015870876708462333,1000,1.26225992354554,1.0045963915479748,27372.088989155178
H3_NOISE,YM,"{""lookback"": 20, ""mult"": 1.5, ""trail"": ""band_mean"", ""check_min"": 60}",0.42039777412628676,-0.275414229347741,0.16142670347766655,715,17.01187655082306,1.0526744049716892,21767.99426006963
H4_OVERNIGHT,ES,"{""entry_min"": 1080, ""exit_min"": 180, ""stop_atr"": NaN}",0.5627460766791508,1.223683719767482,0.7901312401780051,1651,64.23457732818136,1.2388761930810375,21865.894801653776
H4_OVERNIGHT,ES,"{""entry_min"": 1080, ""exit_min"": 180, ""stop_atr"": 1.0}",0.5689081168715715,0.6468040914695954,0.5109183806936497,1651,45.41266126009529,1.158672463597628,29424.09460301123
H4_OVERNIGHT,ES,"{""entry_min"": 1080, ""exit_min"": 240, ""stop_atr"": NaN}",0.4009963706012351,1.4752814478973486,0.8353691330839268,1651,76.81015603813428,1.2298640421111833,22282.874483247946
H4_OVERNIGHT,ES,"{""entry_min"": 1080, ""exit_min"": 240, ""stop_atr"": 1.0}",0.4257066931146068,0.9480344299513744,0.609662300027101,1651,59.90133254641195,1.171600191045631,25104.69819645014
H4_OVERNIGHT,ES,"{""entry_min"": 1080, ""exit_min"": 300, ""stop_atr"": NaN}",0.3428320350737955,1.3030995199664637,0.72830308902921,1651,71.98386746072659,1.194247145987663,30593.45527940018
H4_OVERNIGHT,ES,"{""entry_min"": 1080, ""exit_min"": 300, ""stop_atr"": 1.0}",0.3921811480057289,0.8011089935880037,0.531837238624538,1651,55.601505376710705,1.1449238994278346,31911.518463185883
H4_OVERNIGHT,ES,"{""entry_min"": 1080, ""exit_min"": 360, ""stop_atr"": NaN}",0.3376585016644201,1.4714788323586476,0.8076151218836343,1651,90.27667311961504,1.2263328613272353,26140.632195410995
H4_OVERNIGHT,ES,"{""entry_min"": 1080, ""exit_min"": 360, ""stop_atr"": 1.0}",0.34102687950751476,1.028875109526482,0.6116923715550024,1651,71.38376263459331,1.1728901307226811,39442.40473684251
H4_OVERNIGHT,ES,"{""entry_min"": 1140, ""exit_min"": 180, ""stop_atr"": NaN}",0.7707889279246035,0.9653480193047895,0.7543287547992851,1651,60.050366658348985,1.2278486935730615,25576.274154581086
H4_OVERNIGHT,ES,"{""entry_min"": 1140, ""exit_min"": 180, ""stop_atr"": 1.0}",0.830501620489006,0.4940836575333239,0.5297526494576131,1651,45.813382321648355,1.165768783638192,38706.52346712852
H4_OVERNIGHT,ES,"{""entry_min"": 1140, ""exit_min"": 240, ""stop_atr"": NaN}",0.5608407778959216,1.232455428176124,0.7995106304060517,1651,72.652569627924,1.2195349059235803,19791.65671113474
H4_OVERNIGHT,ES,"{""entry_min"": 1140, ""exit_min"": 240, ""stop_atr"": 1.0}",0.6074758418617642,0.7690114125998351,0.6021788686693645,1651,58.27848867382991,1.1694758031304373,29794.706513771394
H4_OVERNIGHT,ES,"{""entry_min"": 1140, ""exit_min"": 300, ""stop_atr"": NaN}",0.48618788417609166,1.0642979555436913,0.6931714510202839,1651,67.81434841350082,1.1841801342106908,31583.297207364812
H4_OVERNIGHT,ES,"{""entry_min"": 1140, ""exit_min"": 300, ""stop_atr"": 1.0}",0.524629207035932,0.6622418799143511,0.5282453242967069,1651,54.52994718551882,1.1435491212296125,44466.07379748576
H4_OVERNIGHT,ES,"{""entry_min"": 1140, ""exit_min"": 360, ""stop_atr"": NaN}",0.4734246411685028,1.2833760288681315,0.7829831311685206,1651,86.03763116083137,1.2163853236720568,36095.514635250474
H4_OVERNIGHT,ES,"{""entry_min"": 1140, ""exit_min"": 360, ""stop_atr"": 1.0}",0.4468163869632199,0.9499034696664224,0.6197280605542023,1651,70.99502184022799,1.173190854661829,50844.87239827523
H4_OVERNIGHT,ES,"{""entry_min"": 1200, ""exit_min"": 180, ""stop_atr"": NaN}",0.5222383053329709,1.0041622959883072,0.6744512552905796,1652,49.50566740115829,1.2003016135894602,23794.277174349645
H4_OVERNIGHT,ES,"{""entry_min"": 1200, ""exit_min"": 180, ""stop_atr"": 1.0}",0.5397205364667069,0.9110659719299792,0.634460655687363,1652,46.94306256302377,1.1879841351479925,25651.541235435823
H4_OVERNIGHT,ES,"{""entry_min"": 1200, ""exit_min"": 240, ""stop_atr"": NaN}",0.3402584501080049,1.2665539465743814,0.7147656521146447,1652,61.64570460747532,1.1941107486866296,19570.986700904024
H4_OVERNIGHT,ES,"{""entry_min"": 1200, ""exit_min"": 240, ""stop_atr"": 1.0}",0.35650784851872064,1.2423931556321288,0.7126403570326485,1652,61.24458892026833,1.1926044439762442,20577.656394733975
H4_OVERNIGHT,ES,"{""entry_min"": 1200, ""exit_min"": 300, ""stop_atr"": NaN}",0.2858909779352837,1.0861539225422445,0.6063622563327539,1652,56.75874947007851,1.1576323677510867,32185.787142106306
H4_OVERNIGHT,ES,"{""entry_min"": 1200, ""exit_min"": 300, ""stop_atr"": 1.0}",0.2982509114134968,1.0302922768915386,0.5896833822078122,1652,55.38257518294641,1.1532302957302052,33560.662188718365
H4_OVERNIGHT,ES,"{""entry_min"": 1200, ""exit_min"": 360, ""stop_atr"": NaN}",0.28180982861455145,1.2930840940561876,0.7027695962536608,1652,75.0456624803034,1.1912012631960567,34133.973696611974
H4_OVERNIGHT,ES,"{""entry_min"": 1200, ""exit_min"": 360, ""stop_atr"": 1.0}",0.23094303685120604,1.2825805924912612,0.6771563429478585,1652,72.51380139615297,1.1838213842648877,38739.73371981331
H4_OVERNIGHT,ES,"{""entry_min"": 1320, ""exit_min"": 180, ""stop_atr"": NaN}",0.5616970376814998,0.8425125829228746,0.6337452156670186,1653,36.0022731381813,1.1847174779111995,20898.71732079023
H4_OVERNIGHT,ES,"{""entry_min"": 1320, ""exit_min"": 180, ""stop_atr"": 1.0}",0.6987443267678238,0.6551291395528392,0.6017576686113305,1653,34.5324125816655,1.1758498781689284,22205.899768513824
H4_OVERNIGHT,ES,"{""entry_min"": 1320, ""exit_min"": 240, ""stop_atr"": NaN}",0.34878823266298004,1.1650722522615373,0.6655425053194707,1653,48.00932277690937,1.1790288949107068,20916.855198908586
H4_OVERNIGHT,ES,"{""entry_min"": 1320, ""exit_min"": 240, ""stop_atr"": 1.0}",0.4429786289858886,1.082201552738157,0.6801426566851233,1653,48.741428810877814,1.1822565212851286,21986.95669512948
H4_OVERNIGHT,ES,"{""entry_min"": 1320, ""exit_min"": 300, ""stop_atr"": NaN}",0.2899532658401947,0.9019656393601326,0.5240782041768879,1653,43.29073570278106,1.1346040401526136,30191.951512691085
H4_OVERNIGHT,ES,"{""entry_min"": 1320, ""exit_min"": 300, ""stop_atr"": 1.0}",0.32502719453161716,0.757648409075672,0.4835415177146668,1653,40.3806801285717,1.1244299213238726,33399.22402010982
H4_OVERNIGHT,ES,"{""entry_min"": 1320, ""exit_min"": 360, ""stop_atr"": NaN}",0.28135953742532926,1.1932586171370636,0.6497451544380741,1653,61.318402916948344,1.1743075225012447,26870.0840092531
H4_OVERNIGHT,ES,"{""entry_min"": 1320, ""exit_min"": 360, ""stop_atr"": 1.0}",0.30252895901434157,1.0802903660790677,0.6129517257738506,1653,58.20490181100086,1.1640053387470246,30985.792110303115
H4_OVERNIGHT,ES,"{""entry_min"": 0, ""exit_min"": 180, ""stop_atr"": NaN}",0.45612395806746864,0.9672306484363602,0.6371452904590847,1655,36.10470567200077,1.2057689749614444,24301.317218626413
H4_OVERNIGHT,ES,"{""entry_min"": 0, ""exit_min"": 180, ""stop_atr"": 1.0}",0.5824549425427856,0.7931673827820839,0.6127732521472167,1655,35.022899135619184,1.1983804050749693,27201.517604584784
H4_OVERNIGHT,ES,"{""entry_min"": 0, ""exit_min"": 240, ""stop_atr"": NaN}",0.172090696285882,1.2687180536599265,0.6219595596114738,1655,44.232677272828795,1.1753913359031951,28771.654430138893
H4_OVERNIGHT,ES,"{""entry_min"": 0, ""exit_min"": 240, ""stop_atr"": 1.0}",0.2642634278023548,1.1177926180164348,0.6092815474213605,1655,43.25008119367888,1.1708295634750259,28771.654430138893
H4_OVERNIGHT,ES,"{""entry_min"": 0, ""exit_min"": 300, ""stop_atr"": NaN}",0.22399212808915686,0.9809732410160698,0.5229934062643959,1655,43.47078024343776,1.1427077268367938,40447.458852540636
H4_OVERNIGHT,ES,"{""entry_min"": 0, ""exit_min"": 300, ""stop_atr"": 1.0}",0.29754788478745436,0.7452876564492529,0.46473376811479405,1655,39.23115698615266,1.1270218195674233,45339.63678800696
H4_OVERNIGHT,ES,"{""entry_min"": 0, ""exit_min"": 360, ""stop_atr"": NaN}",0.21628209815879723,1.2551299398935547,0.6455633442479813,1655,61.32380222885149,1.1834015034316612,32322.03181367128
H4_OVERNIGHT,ES,"{""entry_min"": 0, ""exit_min"": 360, ""stop_atr"": 1.0}",0.24401393222358553,1.126036415213389,0.6056920164491035,1655,57.81438837709276,1.1711099695916405,40465.91096889443
H4_OVERNIGHT,NQ,"{""entry_min"": 1080, ""exit_min"": 180, ""stop_atr"": NaN}",1.4092489712484155,1.8165065521065158,1.4237915205890608,1655,179.34008442120094,1.4620025301866482,26926.20374190653
H4_OVERNIGHT,NQ,"{""entry_min"": 1080, ""exit_min"": 180, ""stop_atr"": 1.0}",1.3860257381529422,1.247183804771143,1.1277233355168865,1655,152.55785480688994,1.3703383704033234,34927.407451854175
H4_OVERNIGHT,NQ,"{""entry_min"": 1080, ""exit_min"": 240, ""stop_atr"": NaN}",0.8514053527064552,2.0012737886672682,1.2718421249182363,1655,182.2674005704829,1.365203776214116,31963.260824444762
H4_OVERNIGHT,NQ,"{""entry_min"": 1080, ""exit_min"": 240, ""stop_atr"": 1.0}",0.8550941236901789,1.476836168089623,1.0378293450819351,1655,157.41031681658168,1.3020343509000178,33543.70821063299
H4_OVERNIGHT,NQ,"{""entry_min"": 1080, ""exit_min"": 300, ""stop_atr"": NaN}",0.7066678478593564,1.8869500015705547,1.1513657017122072,1655,177.8682137688045,1.3123772662942361,44622.450516942554
H4_OVERNIGHT,NQ,"{""entry_min"": 1080, ""exit_min"": 300, ""stop_atr"": 1.0}",0.7177748027620423,1.42135216991215,0.9587134723535181,1655,154.37898265067724,1.2623065763535848,45067.40538178774
H4_OVERNIGHT,NQ,"{""entry_min"": 1080, ""exit_min"": 360, ""stop_atr"": NaN}",0.7339087187222492,1.6709028029921928,1.074389447711404,1655,173.0974856556932,1.280875476278666,36021.277809607855
H4_OVERNIGHT,NQ,"{""entry_min"": 1080, ""exit_min"": 360, ""stop_atr"": 1.0}",0.7349177704200262,1.2134740562544666,0.878250180983753,1655,147.4152167202143,1.2316283149686855,64693.48383526759
H4_OVERNIGHT,NQ,"{""entry_min"": 1140, ""exit_min"": 180, ""stop_atr"": NaN}",1.5963175802380705,1.5627132884913715,1.3880511690944892,1655,170.0567774072905,1.4483561092591362,32250.85576732218
H4_OVERNIGHT,NQ,"{""entry_min"": 1140, ""exit_min"": 180, ""stop_atr"": 1.0}",1.5683092702795767,1.5219595992283652,1.3533015705523506,1655,165.65521217513628,1.4317410926643985,30590.279646356357
H4_OVERNIGHT,NQ,"{""entry_min"": 1140, ""exit_min"": 240, ""stop_atr"": NaN}",0.9824306676604385,1.752339125733245,1.2247264682931132,1655,173.064033556301,1.3486741410392142,29036.71948795313
H4_OVERNIGHT,NQ,"{""entry_min"": 1140, ""exit_min"": 240, ""stop_atr"": 1.0}",0.9732387225692993,1.7273242278174543,1.2085516273933463,1655,170.4969650716236,1.341734818670118,29196.278086873615
H4_OVERNIGHT,NQ,"{""entry_min"": 1140, ""exit_min"": 300, ""stop_atr"": NaN}",0.8230470869335164,1.6430053054815201,1.107140202923215,1655,168.63226488155908,1.2980265255505823,42608.99929231005
H4_OVERNIGHT,NQ,"{""entry_min"": 1140, ""exit_min"": 300, ""stop_atr"": 1.0}",0.7912489230025409,1.6910432721459256,1.111695706638142,1655,167.79788809834713,1.2961152641753548,45409.53695623658
H4_OVERNIGHT,NQ,"{""entry_min"": 1140, ""exit_min"": 360, ""stop_atr"": NaN}",0.8426929437283794,1.4542641689331341,1.0392218040584735,1655,163.74657340779999,1.267187487301392,54235.52763633238
H4_OVERNIGHT,NQ,"{""entry_min"": 1140, ""exit_min"": 360, ""stop_atr"": 1.0}",0.7971121622440336,1.532878779173714,1.0492452955123814,1655,163.56311583533838,1.2669772782047044,53214.585613352276
H4_OVERNIGHT,NQ,"{""entry_min"": 1200, ""exit_min"": 180, ""stop_atr"": NaN}",1.4933685487888522,1.4517864658629336,1.3019949164078852,1657,149.28883922556895,1.4134413771587528,29927.551957734948
H4_OVERNIGHT,NQ,"{""entry_min"": 1200, ""exit_min"": 180, ""stop_atr"": 1.0}",1.5191539901778537,1.3641155510968053,1.2601355023757475,1657,145.86032822475093,1.4001470672153637,33064.75790645066
H4_OVERNIGHT,NQ,"{""entry_min"": 1200, ""exit_min"": 240, ""stop_atr"": NaN}",0.8602750393032136,1.6296447494422177,1.115765401704309,1657,151.4637423502339,1.313076142240946,32874.45316631104
H4_OVERNIGHT,NQ,"{""entry_min"": 1200, ""exit_min"": 240, ""stop_atr"": 1.0}",0.8616060265033922,1.5815814067378915,1.0937684731898543,1657,149.27092822502306,1.3071514062169352,33873.2471081531
H4_OVERNIGHT,NQ,"{""entry_min"": 1200, ""exit_min"": 300, ""stop_atr"": NaN}",0.7125413990587725,1.53076402493478,1.0048923800933336,1657,147.76749630903402,1.2663004204584032,44857.38707787469
H4_OVERNIGHT,NQ,"{""entry_min"": 1200, ""exit_min"": 300, ""stop_atr"": 1.0}",0.6814342111933488,1.5238046207894436,0.9862492058274754,1657,145.1410004211312,1.2603348003965897,48058.85847243984
H4_OVERNIGHT,NQ,"{""entry_min"": 1200, ""exit_min"": 360, ""stop_atr"": NaN}",0.7379655904809693,1.2978121996285021,0.9203201120788016,1657,142.9691142888352,1.2341576489614403,54406.58277514535
H4_OVERNIGHT,NQ,"{""entry_min"": 1200, ""exit_min"": 360, ""stop_atr"": 1.0}",0.6805028414295055,1.2813679474148105,0.8839854713431211,1657,137.80522425437582,1.223948393833445,61487.71211438853
H4_OVERNIGHT,NQ,"{""entry_min"": 1320, ""exit_min"": 180, ""stop_atr"": NaN}",1.6687975329023936,1.1828546372947233,1.3164636475026659,1657,118.36406602175875,1.4156464652031249,32570.458687406688
H4_OVERNIGHT,NQ,"{""entry_min"": 1320, ""exit_min"": 180, ""stop_atr"": 1.0}",1.8603637160751503,1.0585057219009002,1.3213823411170873,1657,118.21881135193368,1.4149247469955073,34639.97979997151
H4_OVERNIGHT,NQ,"{""entry_min"": 1320, ""exit_min"": 240, ""stop_atr"": NaN}",0.9042542070836918,1.3912292954883372,1.044849496448655,1657,120.50533261075881,1.2928704880749944,35063.641179531594
H4_OVERNIGHT,NQ,"{""entry_min"": 1320, ""exit_min"": 240, ""stop_atr"": 1.0}",1.0180433622093594,1.323873498975938,1.0694503192866323,1657,122.583549269403,1.2994336675697469,36976.69873539411
H4_OVERNIGHT,NQ,"{""entry_min"": 1320, ""exit_min"": 300, ""stop_atr"": NaN}",0.7329454236224329,1.259207395586829,0.9059478372876107,1657,116.8402963662494,1.234556090652933,47109.857347534984
H4_OVERNIGHT,NQ,"{""entry_min"": 1320, ""exit_min"": 300, ""stop_atr"": 1.0}",0.7988558698233986,1.1950073708174067,0.9141269529380008,1657,117.48429227157777,1.2361542122618945,49841.37116869904
H4_OVERNIGHT,NQ,"{""entry_min"": 1320, ""exit_min"": 360, ""stop_atr"": NaN}",0.7515840722549157,0.9778137461670193,0.8016449289745307,1657,112.12582128187117,1.2035623362871686,35054.29048725619
H4_OVERNIGHT,NQ,"{""entry_min"": 1320, ""exit_min"": 360, ""stop_atr"": 1.0}",0.8100631576228239,0.9250698204122799,0.8091669622520666,1657,112.78729703369193,1.2050094283553505,40925.140087936365
H4_OVERNIGHT,NQ,"{""entry_min"": 0, ""exit_min"": 180, ""stop_atr"": NaN}",1.4771333127146073,1.3675737038840359,1.303001790537428,1659,113.87320231400932,1.4528432101226123,30095.72949093778
H4_OVERNIGHT,NQ,"{""entry_min"": 0, ""exit_min"": 180, ""stop_atr"": 1.0}",1.6623428892215968,1.3675737038840359,1.3717767637101395,1659,117.75202645307161,1.4756044743053514,31495.955868961144
H4_OVERNIGHT,NQ,"{""entry_min"": 0, ""exit_min"": 240, ""stop_atr"": NaN}",0.6730215195099082,1.5280958721655642,0.9838417087991236,1659,110.52892543724391,1.2897288975420496,42795.300041010676
H4_OVERNIGHT,NQ,"{""entry_min"": 0, ""exit_min"": 240, ""stop_atr"": 1.0}",0.7845674297335681,1.5280958721655642,1.038278441557181,1659,115.25176788735101,1.305895838870153,42795.30004101077
H4_OVERNIGHT,NQ,"{""entry_min"": 0, ""exit_min"": 300, ""stop_atr"": NaN}",0.5991329292669444,1.3571695363739458,0.8736621238002746,1659,112.48103378300577,1.2409268963055182,57281.01941936627
H4_OVERNIGHT,NQ,"{""entry_min"": 0, ""exit_min"": 300, ""stop_atr"": 1.0}",0.663284736300444,1.3287116795147407,0.8960906609113493,1659,114.734873530344,1.2469466245281753,57879.28927864555
H4_OVERNIGHT,NQ,"{""entry_min"": 0, ""exit_min"": 360, ""stop_atr"": NaN}",0.6327544890723839,1.0646071658015084,0.7714437098403142,1659,108.08642998905911,1.206138851868388,38743.33000914707
H4_OVERNIGHT,NQ,"{""entry_min"": 0, ""exit_min"": 360, ""stop_atr"": 1.0}",0.6905691677324342,1.0777955453605363,0.8063655775208037,1659,111.99262296684948,1.215191740634454,41215.78583496719
H4_OVERNIGHT,YM,"{""entry_min"": 1080, ""exit_min"": 180, ""stop_atr"": NaN}",0.9998851851086042,0.5897562483307609,0.5858593030788346,1628,44.71252028596163,1.2071517952183013,38534.407044799125
H4_OVERNIGHT,YM,"{""entry_min"": 1080, ""exit_min"": 180, ""stop_atr"": 1.0}",1.0502898839863226,0.366741166752711,0.48318573425966466,1628,37.23853082402658,1.1676593560514457,41312.43431589744
H4_OVERNIGHT,YM,"{""entry_min"": 1080, ""exit_min"": 240, ""stop_atr"": NaN}",0.7108296034904817,0.7615285902031099,0.6136087403057919,1628,50.664132182485446,1.1893535956281558,35429.20041985094
H4_OVERNIGHT,YM,"{""entry_min"": 1080, ""exit_min"": 240, ""stop_atr"": 1.0}",0.77233062610093,0.5085871631900054,0.5075245407606616,1628,42.341380046777445,1.154150322178375,38383.18786538983
H4_OVERNIGHT,YM,"{""entry_min"": 1080, ""exit_min"": 300, ""stop_atr"": NaN}",0.4671845336853298,0.6377621733748167,0.4757831163012855,1628,42.71775016069071,1.1447550813846656,48105.59832244774
H4_OVERNIGHT,YM,"{""entry_min"": 1080, ""exit_min"": 300, ""stop_atr"": 1.0}",0.5369748480140198,0.36996998648529983,0.3692634143298295,1628,33.787886059095236,1.1117827282309511,51045.08351823919
H4_OVERNIGHT,YM,"{""entry_min"": 1080, ""exit_min"": 360, ""stop_atr"": NaN}",0.4369518682275353,0.9376865942067787,0.6036051073957681,1628,59.88786204556838,1.1909249850289152,51068.31813296724
H4_OVERNIGHT,YM,"{""entry_min"": 1080, ""exit_min"": 360, ""stop_atr"": 1.0}",0.4941152263398573,0.6778318790703136,0.49514154406243394,1628,49.78587784540343,1.1547289445045557,56669.468076167155
H4_OVERNIGHT,YM,"{""entry_min"": 1140, ""exit_min"": 180, ""stop_atr"": NaN}",1.202515685818082,0.8998561726211063,0.859232863745184,1628,51.630791303979926,1.2687353215144987,22858.598441280556
H4_OVERNIGHT,YM,"{""entry_min"": 1140, ""exit_min"": 180, ""stop_atr"": 1.0}",1.3225588984189993,0.6539384230665582,0.7449874623275543,1628,47.643195881426465,1.2429378888992717,29989.044362631626
H4_OVERNIGHT,YM,"{""entry_min"": 1140, ""exit_min"": 240, ""stop_atr"": NaN}",0.8583577442535278,1.0741997309380997,0.8465002340115363,1628,57.59279473052385,1.2338450051554566,19740.716370081413
H4_OVERNIGHT,YM,"{""entry_min"": 1140, ""exit_min"": 240, ""stop_atr"": 1.0}",0.9568124702243186,0.7809714831502402,0.7280977480551752,1628,52.30853651040659,1.207927987763806,27045.25646960459
H4_OVERNIGHT,YM,"{""entry_min"": 1140, ""exit_min"": 300, ""stop_atr"": NaN}",0.5922259730097713,0.9038036800692897,0.6656363678782306,1628,49.55811512109241,1.1797647066567052,34142.98168453414
H4_OVERNIGHT,YM,"{""entry_min"": 1140, ""exit_min"": 300, ""stop_atr"": 1.0}",0.6742940881490431,0.6301860876365859,0.5623749010339313,1628,44.07302509579872,1.1567496116243288,40266.457764920895
H4_OVERNIGHT,YM,"{""entry_min"": 1140, ""exit_min"": 360, ""stop_atr"": NaN}",0.5546858388782417,1.2126310594792415,0.7855079021338921,1628,66.6434769565951,1.225542626000312,37336.138548980205
H4_OVERNIGHT,YM,"{""entry_min"": 1140, ""exit_min"": 360, ""stop_atr"": 1.0}",0.620649316624639,0.9518967818923171,0.6818099577209772,1628,60.33661581419856,1.199930805022577,45846.60914737494
H4_OVERNIGHT,YM,"{""entry_min"": 1200, ""exit_min"": 180, ""stop_atr"": NaN}",1.03939824125373,0.8161614554390756,0.7772828765044466,1629,42.18485698565326,1.2330809186446885,17546.399111530038
H4_OVERNIGHT,YM,"{""entry_min"": 1200, ""exit_min"": 180, ""stop_atr"": 1.0}",1.0350649140701094,0.6923555901676028,0.7066725811287947,1629,39.193429056969585,1.2130315463909929,21077.16860290015
H4_OVERNIGHT,YM,"{""entry_min"": 1200, ""exit_min"": 240, ""stop_atr"": NaN}",0.7032393255094663,0.9897714359724162,0.7495517941008568,1629,47.848739132437515,1.2036595036098428,15977.753565897758
H4_OVERNIGHT,YM,"{""entry_min"": 1200, ""exit_min"": 240, ""stop_atr"": 1.0}",0.704405509211492,0.8607752359295704,0.6862902726643301,1629,44.603750469283355,1.187261396690653,20897.975413253953
H4_OVERNIGHT,YM,"{""entry_min"": 1200, ""exit_min"": 300, ""stop_atr"": NaN}",0.4475498541840488,0.8122383212908141,0.5642568235251544,1629,39.754932514931674,1.1483315171724604,30795.354147387003
H4_OVERNIGHT,YM,"{""entry_min"": 1200, ""exit_min"": 300, ""stop_atr"": 1.0}",0.4491961734330567,0.6495277592728337,0.48895284138331246,1629,35.24608577943062,1.1293325609859717,32057.534085893825
H4_OVERNIGHT,YM,"{""entry_min"": 1200, ""exit_min"": 360, ""stop_atr"": NaN}",0.41494559407537035,1.1269737412574778,0.6912582864974162,1629,56.96139232772184,1.1957249738351718,33940.76831607728
H4_OVERNIGHT,YM,"{""entry_min"": 1200, ""exit_min"": 360, ""stop_atr"": 1.0}",0.39798410479915075,0.9669018422285642,0.6089535419759763,1629,51.119984148365525,1.1722658703147704,37765.05251475232
H4_OVERNIGHT,YM,"{""entry_min"": 1320, ""exit_min"": 180, ""stop_atr"": NaN}",1.0998209560139363,0.7636058980771216,0.8198696499755134,1629,35.044560843441246,1.2495912734539856,17095.40388324688
H4_OVERNIGHT,YM,"{""entry_min"": 1320, ""exit_min"": 180, ""stop_atr"": 1.0}",1.234642281003795,0.6401614967083854,0.799523871168451,1629,34.33594619040145,1.2433164633406484,18382.755365850404
H4_OVERNIGHT,YM,"{""entry_min"": 1320, ""exit_min"": 240, ""stop_atr"": NaN}",0.7035781878495396,0.9542350051811762,0.748870935711804,1629,40.700081031026016,1.204901159213103,14869.040917087586
H4_OVERNIGHT,YM,"{""entry_min"": 1320, ""exit_min"": 240, ""stop_atr"": 1.0}",0.7647322260823713,0.8462087400839732,0.7241412984094395,1629,39.59369526147844,1.1982270265679853,16124.69573499247
H4_OVERNIGHT,YM,"{""entry_min"": 1320, ""exit_min"": 300, ""stop_atr"": NaN}",0.4304791432223316,0.7163243705304515,0.5182801278701187,1629,32.67417123963188,1.1360694687972748,21493.577578714936
H4_OVERNIGHT,YM,"{""entry_min"": 1320, ""exit_min"": 300, ""stop_atr"": 1.0}",0.4588459657512419,0.5296514975698874,0.4459088698046069,1629,28.864997875049248,1.1183293481271583,24868.150502576547
H4_OVERNIGHT,YM,"{""entry_min"": 1320, ""exit_min"": 360, ""stop_atr"": NaN}",0.39269041298201324,1.1182953294992897,0.6787875607183212,1629,49.6724040891279,1.1905950499747182,20392.074839266115
H4_OVERNIGHT,YM,"{""entry_min"": 1320, ""exit_min"": 360, ""stop_atr"": 1.0}",0.42660148731505776,0.9185430532759046,0.6013073464827857,1629,44.85237665055865,1.168975269918185,23696.847391411968
H4_OVERNIGHT,YM,"{""entry_min"": 0, ""exit_min"": 180, ""stop_atr"": NaN}",0.8607048845710848,0.9499346608189919,0.7904397142483994,1630,33.10402430217342,1.265551647625304,16909.50812351201
H4_OVERNIGHT,YM,"{""entry_min"": 0, ""exit_min"": 180, ""stop_atr"": 1.0}",0.9958052909320824,0.8010484807797186,0.7574758442035872,1630,32.070746574843334,1.255148128754101,20857.894678683668
H4_OVERNIGHT,YM,"{""entry_min"": 0, ""exit_min"": 240, ""stop_atr"": NaN}",0.5104557568827595,1.1084044966043185,0.7268414307332172,1630,38.7761508025969,1.2097474215451394,18522.36625412426
H4_OVERNIGHT,YM,"{""entry_min"": 0, ""exit_min"": 240, ""stop_atr"": 1.0}",0.5839338748671984,0.9074528496365495,0.665887735102679,1630,36.02639910706272,1.1920174504829508,18522.366254124223
H4_OVERNIGHT,YM,"{""entry_min"": 0, ""exit_min"": 300, ""stop_atr"": NaN}",0.2501826870796437,0.8371486273168797,0.4875668461308754,1630,30.78415019379123,1.1362050013591758,27482.09917292105
H4_OVERNIGHT,YM,"{""entry_min"": 0, ""exit_min"": 300, ""stop_atr"": 1.0}",0.2983474348033357,0.5181609833198186,0.3655306271695153,1630,24.03818964462175,1.1032748740007965,31771.45445306335
H4_OVERNIGHT,YM,"{""entry_min"": 0, ""exit_min"": 360, ""stop_atr"": NaN}",0.2215758583243843,1.2055946142901928,0.6475537474155955,1630,47.739261423838485,1.1936043462960748,19329.155920927136
H4_OVERNIGHT,YM,"{""entry_min"": 0, ""exit_min"": 360, ""stop_atr"": 1.0}",0.2686490791525788,0.9579879296834508,0.5542918608299287,1630,41.75730647528665,1.165333883428706,25371.908941083188
H2_IM,ES,"{""thr_sd"": 0.0, ""use_r12"": false, ""signal_end_min"": 600}",-0.9474533747708089,-0.1374622384559524,-0.5098074263940521,1727,-30.83226594483402,0.8810379154405438,64304.173465846
H2_IM,ES,"{""thr_sd"": 0.0, ""use_r12"": false, ""signal_end_min"": 630}",-1.1336926801923104,-0.5431244933412197,-0.7745960269309021,1728,-46.81305778390282,0.8247876609618141,85670.52268814547
H2_IM,ES,"{""thr_sd"": 0.0, ""use_r12"": true, ""signal_end_min"": 600}",-0.19037690181361777,0.00029478311447038604,-0.07832847830460828,863,-7.603370365303903,0.9710038711615456,20692.48567663808
H2_IM,ES,"{""thr_sd"": 0.0, ""use_r12"": true, ""signal_end_min"": 630}",-0.2829942965223363,-0.22781818480255478,-0.22144157745444937,862,-21.974209692698505,0.9175490853821204,29113.812018236986
H2_IM,ES,"{""thr_sd"": 0.15, ""use_r12"": false, ""signal_end_min"": 600}",-0.7300137956552268,-0.55734786010185,-0.5981410783598909,1366,-41.97586301454178,0.8452223332999973,63539.252115680574
H2_IM,ES,"{""thr_sd"": 0.15, ""use_r12"": false, ""signal_end_min"": 630}",-0.9498394770231132,-0.5200939642955882,-0.6824885345702839,1387,-46.842402562215625,0.8283169549798532,70024.6328950316
H2_IM,ES,"{""thr_sd"": 0.15, ""use_r12"": true, ""signal_end_min"": 600}",0.0780683842946252,-0.2135546219246225,-0.06352053205867265,684,-7.130812482335026,0.9729352764568514,24675.233383158044
H2_IM,ES,"{""thr_sd"": 0.15, ""use_r12"": true, ""signal_end_min"": 630}",0.04829675656062567,-0.311666290608124,-0.1224041892663826,686,-13.666649777032239,0.9485709021884602,29679.634514185695
H2_IM,ES,"{""thr_sd"": 0.25, ""use_r12"": false, ""signal_end_min"": 600}",-0.5274029144412935,-0.6058873890148381,-0.511168273518377,1161,-40.45920141004082,0.852746908900178,62315.926316048855
H2_IM,ES,"{""thr_sd"": 0.25, ""use_r12"": false, ""signal_end_min"": 630}",-0.6620064677344337,-0.5103218666857223,-0.5377093693205486,1173,-42.320520096818434,0.8485626868888356,58699.221022803205
H2_IM,ES,"{""thr_sd"": 0.25, ""use_r12"": true, ""signal_end_min"": 600}",0.5726360023733712,-0.22997354687320026,0.11057106630973287,571,14.180030198972906,1.0553869307099888,25448.952071858566
H2_IM,ES,"{""thr_sd"": 0.25, ""use_r12"": true, ""signal_end_min"": 630}",0.2378569343485965,-0.2950683563874052,-0.037480386005385564,577,-4.842015521471452,0.9821621437267816,27903.904072940608
H2_IM,ES,"{""thr_sd"": 0.35, ""use_r12"": false, ""signal_end_min"": 600}",-0.5527493284594059,-0.3811050753696685,-0.4162624948371108,963,-38.53869607745325,0.8649102644217429,50128.35707250415
H2_IM,ES,"{""thr_sd"": 0.35, ""use_r12"": false, ""signal_end_min"": 630}",-0.3801272123944734,-0.5086064774155403,-0.3990893757762434,996,-35.94581907508815,0.8738187104990386,46499.70505638057
H2_IM,ES,"{""thr_sd"": 0.35, ""use_r12"": true, ""signal_end_min"": 600}",0.31481717771574347,-0.11845218389370096,0.05527653156443144,475,8.309197805296499,1.030606267372272,23740.620078979922
H2_IM,ES,"{""thr_sd"": 0.35, ""use_r12"": true, ""signal_end_min"": 630}",0.3075864068569182,-0.21440649441194867,0.02296725631074276,492,3.422739021299582,1.0121616577282846,26944.753871430697
H2_IM,NQ,"{""thr_sd"": 0.0, ""use_r12"": false, ""signal_end_min"": 600}",-0.07978588900955674,0.4826661762671361,0.17249460072316608,1732,16.1593933368169,1.043474037178141,40050.706559327955
H2_IM,NQ,"{""thr_sd"": 0.0, ""use_r12"": false, ""signal_end_min"": 630}",-0.16581420717078152,0.3709532215646621,0.08310421528653363,1732,7.7860006254457375,1.0207197645546555,40050.706559327955
H2_IM,NQ,"{""thr_sd"": 0.0, ""use_r12"": true, ""signal_end_min"": 600}",0.3468012822528859,0.30415119825099357,0.2770298056693464,889,41.02720516876105,1.1087134563363656,31919.541725675972
H2_IM,NQ,"{""thr_sd"": 0.0, ""use_r12"": true, ""signal_end_min"": 630}",0.25701832817187653,0.23725200541725097,0.21437891474763934,887,32.39629703696181,1.083353908215732,31919.541725675976
H2_IM,NQ,"{""thr_sd"": 0.15, ""use_r12"": false, ""signal_end_min"": 600}",-0.07488370802633752,0.27952465044390246,0.085826041171931,1366,9.472049313798037,1.0244689770694497,38790.67880838647
H2_IM,NQ,"{""thr_sd"": 0.15, ""use_r12"": false, ""signal_end_min"": 630}",-0.26287888444512864,-0.056497127962106236,-0.14779494858495665,1381,-16.39191656465498,0.9590531578233623,48093.58730226693
H2_IM,NQ,"{""thr_sd"": 0.15, ""use_r12"": true, ""signal_end_min"": 600}",0.5547777080225368,0.04992998534168932,0.2373060320078723,706,41.79398281522303,1.10594578504223,37581.14139467898
H2_IM,NQ,"{""thr_sd"": 0.15, ""use_r12"": true, ""signal_end_min"": 630}",0.3312879796752991,-0.02923614528826086,0.12116114182088192,722,21.46934450489806,1.0527153836941148,32411.809023694925
H2_IM,NQ,"{""thr_sd"": 0.25, ""use_r12"": false, ""signal_end_min"": 600}",-0.20955655267549944,0.20956949205897607,-0.006963228292241709,1173,-0.8461888861469543,0.997878404458823,41946.28396223635
H2_IM,NQ,"{""thr_sd"": 0.25, ""use_r12"": false, ""signal_end_min"": 630}",-0.4545945315611568,-0.15275843213211263,-0.2769807413994368,1177,-34.52498281108614,0.9176876945764312,51414.00672589528
H2_IM,NQ,"{""thr_sd"": 0.25, ""use_r12"": true, ""signal_end_min"": 600}",0.5464885110836346,-0.013009702667776879,0.19253743057777797,608,36.93543220402198,1.0930323391950578,33682.22367910309
H2_IM,NQ,"{""thr_sd"": 0.25, ""use_r12"": true, ""signal_end_min"": 630}",0.19749708978637945,-0.13615585406506953,0.015457554740861846,613,3.078876522216567,1.0072130282965623,44161.597410371156
H2_IM,NQ,"{""thr_sd"": 0.35, ""use_r12"": false, ""signal_end_min"": 600}",-0.2695731209707299,0.34412286710859025,0.03040078115533213,974,4.313634708930875,1.010427994823911,32044.637299496782
H2_IM,NQ,"{""thr_sd"": 0.35, ""use_r12"": false, ""signal_end_min"": 630}",-0.2084279131535799,0.07142245371840052,-0.06530477116042345,1000,-9.17216089362415,0.978206156614808,40834.18956322296
H2_IM,NQ,"{""thr_sd"": 0.35, ""use_r12"": true, ""signal_end_min"": 600}",0.5657957836370779,0.14399668142157515,0.2689553823831345,508,60.49134140842768,1.1475766111716426,29133.033012422515
H2_IM,NQ,"{""thr_sd"": 0.35, ""use_r12"": true, ""signal_end_min"": 630}",0.48537750995188145,-0.04099442764641094,0.17237757672632012,525,38.79378994663676,1.0911515287332245,37263.946449206574
H2_IM,YM,"{""thr_sd"": 0.0, ""use_r12"": false, ""signal_end_min"": 600}",-1.0330546619706025,-0.780523300480575,-0.8226370059499338,1718,-37.153592824906184,0.8099342760064775,65703.86172118956
H2_IM,YM,"{""thr_sd"": 0.0, ""use_r12"": false, ""signal_end_min"": 630}",-1.1756064458611815,-0.4704186034194427,-0.750075184640141,1718,-33.88120340081894,0.8252405085222453,59852.21967645385
H2_IM,YM,"{""thr_sd"": 0.0, ""use_r12"": true, ""signal_end_min"": 600}",-0.23530269270991325,-0.5462536958217937,-0.34944735003812627,858,-24.590798887270935,0.8749457663967825,31550.26406241864
H2_IM,YM,"{""thr_sd"": 0.0, ""use_r12"": true, ""signal_end_min"": 630}",-0.3497180197246559,-0.3513965149662107,-0.30306179824784685,851,-21.38463329023211,0.8899190429090682,29732.418186449737
H2_IM,YM,"{""thr_sd"": 0.15, ""use_r12"": false, ""signal_end_min"": 600}",-1.1781772394464267,-0.39140123951778566,-0.7202195245857481,1386,-37.82823826450017,0.8141067412745457,54326.86542437829
H2_IM,YM,"{""thr_sd"": 0.15, ""use_r12"": false, ""signal_end_min"": 630}",-1.117065153785682,-0.36309251465055115,-0.6719143036100467,1391,-35.31212480174002,0.8263418956895101,50693.82025718294
H2_IM,YM,"{""thr_sd"": 0.15, ""use_r12"": true, ""signal_end_min"": 600}",-0.3934389457631925,-0.25502354035151664,-0.2745049008843566,691,-22.868037791906826,0.8874965634728054,26440.04000546948
H2_IM,YM,"{""thr_sd"": 0.15, ""use_r12"": true, ""signal_end_min"": 630}",-0.22874796544797274,-0.38692758611382877,-0.2704851607566378,687,-23.13227188877084,0.8888665348686329,30534.13300038277
H2_IM,YM,"{""thr_sd"": 0.25, ""use_r12"": false, ""signal_end_min"": 600}",-0.6912339468367686,-0.1495470683997896,-0.3820480313177446,1179,-22.40125611025385,0.8861020088314487,35370.814461604896
H2_IM,YM,"{""thr_sd"": 0.25, ""use_r12"": false, ""signal_end_min"": 630}",-0.9143680134226372,-0.23998485727153676,-0.5246948496859621,1174,-30.835521747543513,0.8487287419339069,40750.5830531196
H2_IM,YM,"{""thr_sd"": 0.25, ""use_r12"": true, ""signal_end_min"": 600}",0.05704264215236901,-0.15036957313409802,-0.049573541171694976,591,-4.600105095817659,0.9763814885345528,19315.423535103942
H2_IM,YM,"{""thr_sd"": 0.25, ""use_r12"": true, ""signal_end_min"": 630}",-0.11093043081107168,-0.22388696472223601,-0.1484484564928547,581,-14.137556944341172,0.931262705065952,22665.60791126296
H2_IM,YM,"{""thr_sd"": 0.35, ""use_r12"": false, ""signal_end_min"": 600}",-0.5217535086091566,-0.14023227165732852,-0.2925698455336161,987,-20.035652262484916,0.9029691090666241,28431.095987730223
H2_IM,YM,"{""thr_sd"": 0.35, ""use_r12"": false, ""signal_end_min"": 630}",-0.8925641129135398,-0.11570865968726267,-0.4489926902487432,1005,-30.156454967736806,0.8572078759454355,42376.97877154918
H2_IM,YM,"{""thr_sd"": 0.35, ""use_r12"": true, ""signal_end_min"": 600}",0.10936859756888505,-0.20030945905790923,-0.05713334809342266,497,-6.186587876020358,0.9701793496660981,19704.709704450477
H2_IM,YM,"{""thr_sd"": 0.35, ""use_r12"": true, ""signal_end_min"": 630}",-0.1620467150198317,-0.08048199018860559,-0.09938980733464384,492,-11.001569032300319,0.9486169035789882,17518.072049476996
