mkt,lb,m,c,tr_sh,va_sh,tr_n,va_n,va_exp,va_dd
NQ,10,0.75,30,0.8503947067636766,0.7132288836744536,1519,554,44.86101083032441,20778.29999999999
NQ,10,0.75,60,0.8722079203358212,0.5313460555115348,1130,411,44.663135147858725,16813.299999999967
NQ,10,1.0,30,1.2463319598796576,0.015588813862619708,1179,460,1.0847391304343605,19562.200000000048
NQ,10,1.0,60,1.5049704175366403,0.4327524486479841,874,322,38.89580293717356,11344.199999999973
NQ,10,1.25,30,1.0280150724419999,0.2994230472606419,938,347,22.15239193083499,15344.000000000044
NQ,10,1.25,60,1.6076686573918597,0.5790514338236592,683,251,57.6276834492824,15092.65145422969
NQ,10,1.5,30,0.9490204754805658,-0.03998736338510913,744,275,-3.3063272727266635,17200.00000000004
NQ,10,1.5,60,1.4702902981365464,0.06855263962812885,537,198,6.982568412982116,21268.351454229738
NQ,14,0.75,30,0.7814257984668205,0.4080277175045626,1509,532,26.014849624059615,19916.499999999964
NQ,14,0.75,60,0.9082452502104065,0.6965789370972668,1105,398,58.49253403459766,14433.099999999968
NQ,14,1.0,30,1.27989690424729,0.021461014589038284,1143,437,1.540411899313484,25441.29999999998
NQ,14,1.0,60,1.3351683001403765,0.2842303326039284,849,314,26.15945396741985,13779.69999999999
NQ,14,1.25,30,1.1635375742396963,0.2528590202778504,912,347,18.252910662823922,12576.599999999988
NQ,14,1.25,60,1.43193565955054,0.41639462501702373,682,245,40.86452467661231,12770.751454229752
NQ,14,1.5,30,1.0121376777399367,0.04341743574915974,720,257,3.937743190661438,17520.799999999992
NQ,14,1.5,60,1.5292686326894396,-0.016086449869938443,529,185,-1.8315213742148124,18807.791454229748
NQ,20,0.75,30,1.1812162395857964,0.0830490591786694,1472,534,5.426816479400228,23728.900000000118
NQ,20,0.75,60,1.1473331457989457,0.5089407556078096,1085,401,42.95692904182015,16835.099999999984
NQ,20,1.0,30,1.2528937760876264,0.17636600631015448,1127,423,13.128652482268917,23761.700000000048
NQ,20,1.0,60,1.3396249941389993,0.6469277673018863,848,303,61.00148034907636,12356.099999999973
NQ,20,1.25,30,1.324601826807657,-0.20700924585131306,885,335,-16.97677611940303,24070.699999999964
NQ,20,1.25,60,1.6624633662120858,0.2299832272050573,646,243,22.253615414691932,13166.79145422975
NQ,20,1.5,30,0.9796587253892654,-0.08074048008548171,686,263,-7.300532319392025,17092.399999999976
NQ,20,1.5,60,1.3607836373666682,0.3194706816536339,507,185,38.41485700416314,16300.231454229737
ES,10,0.75,30,-0.2052603910647202,-0.14664799116280874,1590,562,-6.123216594357384,18435.94772602898
ES,10,0.75,60,0.11189825521706043,-0.23335481650033732,1159,392,-14.16331519708665,20474.857836211217
ES,10,1.0,30,-0.19910154069230404,-0.23934523869639282,1230,435,-11.875862068965438,19012.600000000042
ES,10,1.0,60,0.28169021666745886,-0.31055467040326845,900,314,-19.899650888697597,16720.028658004325
ES,10,1.25,30,0.09070522470085304,-0.32591437805258333,939,336,-19.135863095238115,16949.199999999953
ES,10,1.25,60,0.390044994738696,-0.31217842447980865,690,239,-23.547030874691124,16403.67865800445
ES,10,1.5,30,0.1223379702183928,-0.5704010442321902,751,256,-41.74902343749955,21354.749999999964
ES,10,1.5,60,0.4508311205504297,-0.4394577107866444,535,183,-37.493326000023444,12062.62865800439
ES,14,0.75,30,-0.29108418355764887,-0.0742151839036606,1562,542,-3.1049773542965315,14079.747726028862
ES,14,0.75,60,0.030270084888264628,-0.5157533164356132,1136,387,-30.96968877844421,21629.35783621113
ES,14,1.0,30,-0.2073531463792511,-0.0023846289053527517,1212,411,-0.12566909975634047,12299.450000000019
ES,14,1.0,60,0.22471623073751665,-0.010352471336200781,874,300,-0.7104679301697221,10842.978658004298
ES,14,1.25,30,0.10039531632038468,0.15459087309992686,916,317,9.927129337539506,13979.800000000021
ES,14,1.25,60,0.3672665012851411,0.21830120253334237,669,234,16.901536841662775,8465.950000000023
ES,14,1.5,30,0.31895848911290564,-0.258887972063928,708,258,-18.14864341085257,19269.599999999977
ES,14,1.5,60,0.4759586815856405,-0.07093524666858587,515,182,-6.345212406617265,10049.32865800439
ES,20,0.75,30,-0.22775028699208394,0.205231454343617,1536,508,8.982775590551586,12352.849999999935
ES,20,0.75,60,0.08080745214775302,-0.29636251480883646,1115,374,-17.980667265395418,18462.157836211096
ES,20,1.0,30,-0.12600305495007308,0.09454232757661589,1211,394,5.0033052638865385,12295.950000000026
ES,20,1.0,60,0.22979032857709136,-0.3845656278598138,868,288,-28.846139253748795,17805.599999999984
ES,20,1.25,30,0.08879207653628389,0.24895065724194024,883,310,16.299677419355124,12145.149999999983
ES,20,1.25,60,0.3407010730687025,0.07939858204367768,654,225,6.671598315329235,8483.599999999999
ES,20,1.5,30,0.1942292531231375,0.010780300945885233,699,257,0.8027237354088967,13705.850000000017
ES,20,1.5,60,0.36466766728575056,-0.13515918678701777,516,180,-12.845992544468173,9988.750000000011
YM,10,0.75,30,-0.13534872859707214,-0.6899493736229656,1557,594,-25.20859055608039,17324.962790311733
YM,10,0.75,60,0.04654256292509096,-0.4178196717640033,1119,417,-20.35226168681467,18905.955757034073
YM,10,1.0,30,-0.08923289324669775,-0.6571951450434723,1217,480,-26.07386546655075,18974.24000000028
YM,10,1.0,60,0.3763418541454943,-0.5366007942792388,854,326,-30.901827475565035,15707.515757034009
YM,10,1.25,30,0.13008268073421106,-0.6088164034472439,950,356,-28.61075040354351,18753.455000000125
YM,10,1.25,60,0.3485908045941832,-0.3471049185067139,688,245,-24.043499905107254,11514.462476751314
YM,10,1.5,30,0.178039706344524,-0.21613295426875279,782,278,-11.036266703817521,11498.600000000013
YM,10,1.5,60,0.21477158050381148,-0.7325540860988324,559,199,-58.00315314950415,14417.402476751306
YM,14,0.75,30,-0.0931797095812385,-0.43720724769834035,1544,563,-16.710706554727718,16336.175000000047
YM,14,0.75,60,-0.055441410635244485,-0.2903422358009747,1109,409,-14.456780252816127,15425.51575703414
YM,14,1.0,30,-0.07654973621845314,-0.7108343123890781,1192,463,-28.898843434187636,21689.187366367743
YM,14,1.0,60,0.21214173005815573,-0.23297631734123125,846,323,-13.246965458572603,9761.000333090122
YM,14,1.25,30,-0.0425499897881718,-0.19122377537872776,927,346,-9.533084230235232,15256.055000000155
YM,14,1.25,60,0.28291362276271487,-0.09367360122528384,657,242,-6.584018498972086,9987.85000000003
YM,14,1.5,30,-0.12625988832913282,-0.07431802510589365,750,273,-4.394249084249126,13348.370000000024
YM,14,1.5,60,0.03425256354666917,-0.44906748996052614,543,194,-38.05559450046392,10211.05
YM,20,0.75,30,-0.20302196773957054,-0.07179951340089444,1510,556,-2.774735234373447,11314.625000000018
YM,20,0.75,60,0.0872332459423584,0.08929619206758467,1064,394,4.554839788320023,11793.990757034177
YM,20,1.0,30,0.07102081220359205,-0.24603056224879968,1184,442,-10.713060611564654,12253.387366367711
YM,20,1.0,60,0.26853179007298505,-0.33894623929037576,854,302,-20.761947428482713,10647.840757034168
YM,20,1.25,30,0.2055723804592929,0.0045351632109689125,893,333,0.24289146047639318,11758.345000000041
YM,20,1.25,60,0.25983141564258894,0.01751225624373216,656,240,1.2880730135361091,9495.855000000001
YM,20,1.5,30,-0.04768420404621374,-0.17671079818576366,739,256,-11.382714843750165,13496.989999999976
YM,20,1.5,60,0.21771374209986213,-0.22310929897970036,527,185,-18.65327207075684,9175.450000000003
