h,mkt,prm,tr_sh,va_sh,n,wr,corr_h3
H7,NQ,"{""lookback"": 14, ""k"": 1.0, ""win_start"": 720, ""win_end"": 870, ""exit_min"": 930}",-1.3998416188793092,-0.5709222823026722,373,0.4343163538873995,-0.2826381596705343
H7,NQ,"{""lookback"": 14, ""k"": 1.0, ""win_start"": 780, ""win_end"": 870, ""exit_min"": 930}",-1.0240222001896082,-0.7966881640166212,290,0.45517241379310347,-0.25492547377472774
H7,NQ,"{""lookback"": 14, ""k"": 1.5, ""win_start"": 720, ""win_end"": 870, ""exit_min"": 930}",-0.626175044227647,-0.66288644464211,147,0.4421768707482993,-0.23332296247492706
H7,NQ,"{""lookback"": 14, ""k"": 1.5, ""win_start"": 780, ""win_end"": 870, ""exit_min"": 930}",-0.38231572970068034,-0.13928034983764637,109,0.41284403669724773,-0.2313710792687277
H7,NQ,"{""lookback"": 14, ""k"": 2.0, ""win_start"": 720, ""win_end"": 870, ""exit_min"": 930}",0.509039516611428,0.6054512210888416,54,0.5185185185185185,-0.315738346262494
H7,NQ,"{""lookback"": 14, ""k"": 2.0, ""win_start"": 780, ""win_end"": 870, ""exit_min"": 930}",0.489895076997633,-0.06300779861082864,44,0.4772727272727273,-0.2098167028979846
H7,ES,"{""lookback"": 14, ""k"": 1.0, ""win_start"": 720, ""win_end"": 870, ""exit_min"": 930}",-1.949080763558957,-0.17097985170196559,449,0.38084632516703787,-0.21597727413341478
H7,ES,"{""lookback"": 14, ""k"": 1.0, ""win_start"": 780, ""win_end"": 870, ""exit_min"": 930}",-1.6997749687281996,-0.1835894967404666,352,0.39204545454545453,-0.23383065425495006
H7,ES,"{""lookback"": 14, ""k"": 1.5, ""win_start"": 720, ""win_end"": 870, ""exit_min"": 930}",-1.163766435287125,-1.596106587649994,179,0.37988826815642457,-0.2694339699534264
H7,ES,"{""lookback"": 14, ""k"": 1.5, ""win_start"": 780, ""win_end"": 870, ""exit_min"": 930}",-0.8003456416018704,-1.0267729060258601,144,0.4027777777777778,-0.26182584649415586
H7,ES,"{""lookback"": 14, ""k"": 2.0, ""win_start"": 720, ""win_end"": 870, ""exit_min"": 930}",-0.09944129591796469,0.09521360324284861,78,0.358974358974359,-0.28056968047361236
H7,ES,"{""lookback"": 14, ""k"": 2.0, ""win_start"": 780, ""win_end"": 870, ""exit_min"": 930}",-0.1656619155703877,0.06278508381915601,59,0.3728813559322034,-0.27515860769849565
H8,NQ-ES,"{""mult"": 1.0, ""check_min"": 30, ""exit"": ""sign_flip_or_close""}",0.12676738560139647,-0.02839923876563492,1859,,0.28675320874644483
H8,NQ-ES,"{""mult"": 1.0, ""check_min"": 60, ""exit"": ""sign_flip_or_close""}",0.2734763484461088,0.3952407889569861,1755,,0.2889478204176119
H8,NQ-ES,"{""mult"": 1.25, ""check_min"": 30, ""exit"": ""sign_flip_or_close""}",0.32084809985377294,-0.01984823797915616,1553,,0.30196273131787343
H8,NQ-ES,"{""mult"": 1.25, ""check_min"": 60, ""exit"": ""sign_flip_or_close""}",0.5896418467231785,0.5589410659909925,1430,,0.29187219496844874
H8,NQ-ES,"{""mult"": 1.5, ""check_min"": 30, ""exit"": ""sign_flip_or_close""}",0.17575428579398295,0.5298438650248221,1263,,0.30042351734292577
H8,NQ-ES,"{""mult"": 1.5, ""check_min"": 60, ""exit"": ""sign_flip_or_close""}",0.3051445221032123,1.0112646314280367,1142,,0.3052790710567067
