lookback,mult,check_min,sharpe,total,trades,max_dd
10,1.0,30,0.9748318867607341,214350.08647378875,1639,50260.714182740136
10,1.0,60,1.319790119382205,272232.80910555995,1196,26054.523308727163
10,1.25,30,0.9846240927997215,188920.10239350927,1285,37740.86756273921
10,1.25,60,1.3739030463905582,261674.9212517947,934,39340.65603036227
10,1.5,30,0.8068751477000197,141920.04045120598,1019,42704.11289824663
10,1.5,60,1.1324574616841894,189826.99525353996,735,53184.48551821883
14,1.0,30,1.0052519030892182,219789.09911354602,1580,65271.74517715059
14,1.0,60,1.155352603075439,242374.81838761127,1163,38261.75912366671
14,1.25,30,1.0832690222775214,206114.04147017837,1259,34805.83351674807
14,1.25,60,1.2671230306157704,236062.04188076322,927,33714.75492863063
14,1.5,30,0.854827601207722,147889.24912435515,977,44867.116217304734
14,1.5,60,1.1594915096535046,189824.19950602943,714,47919.01095894279
20,1.0,30,1.0316316564822485,226439.7439387702,1550,62460.53047903045
20,1.0,60,1.2300532696650326,258665.72193408717,1151,35060.342717647756
20,1.25,30,0.9431326984840505,188528.3912801803,1220,63589.85407167405
20,1.25,60,1.355180593249588,250493.0208417658,889,36068.39706053914
20,1.5,30,0.829110818385406,146683.7345579902,949,44120.96413049627
20,1.5,60,1.1223817122637612,190720.3688188224,692,42272.937864563544
