hid,mkt,prm,tr_sh,tr_gross,tr_n,tr_pf,tr_yrs,va_sh,va_n,rejected
V1_FAILED_BREAKOUT,NQ,"{""back_bars"": 1, ""max_trades"": 1}",-0.6318265364712073,-0.5276839175546889,512,0.8363202761101312,0.5,0.1951931877236205,163,1736
V1_FAILED_BREAKOUT,NQ,"{""back_bars"": 1, ""max_trades"": 2}",-0.9501672923627686,-0.8232175253748665,729,0.7955685240836933,0.3333333333333333,-0.049776941212637836,233,1334
V1_FAILED_BREAKOUT,NQ,"{""back_bars"": 2, ""max_trades"": 1}",-0.5444420871297608,-0.43787578201126387,525,0.8569778931521506,0.5,0.2364519695576687,164,2080
V1_FAILED_BREAKOUT,NQ,"{""back_bars"": 2, ""max_trades"": 2}",-1.035505539763087,-0.9046079593132105,765,0.7810870325730679,0.5,0.004215974986005761,240,1638
V1_FAILED_BREAKOUT,ES,"{""back_bars"": 1, ""max_trades"": 1}",-0.9684532727532853,-0.6088962288908634,464,0.7459370217882835,0.0,0.1345629190521149,164,1538
V1_FAILED_BREAKOUT,ES,"{""back_bars"": 1, ""max_trades"": 2}",-1.1962302169506676,-0.7820522280889277,627,0.7228925045078081,0.0,0.19493115182496207,232,1206
V1_FAILED_BREAKOUT,ES,"{""back_bars"": 2, ""max_trades"": 1}",-1.1429588656549785,-0.7834356818989165,482,0.7080522030840958,0.16666666666666666,0.16691174172220272,168,1846
V1_FAILED_BREAKOUT,ES,"{""back_bars"": 2, ""max_trades"": 2}",-1.4501517952905687,-1.0224454854421459,674,0.6807584438111568,0.0,0.13317297092929714,241,1470
V1_FAILED_BREAKOUT,YM,"{""back_bars"": 1, ""max_trades"": 1}",-0.8597823743242324,-0.6323141511630642,455,0.7709590815401124,0.0,0.13576999941702853,141,1541
V1_FAILED_BREAKOUT,YM,"{""back_bars"": 1, ""max_trades"": 2}",-1.149841478347211,-0.8709474073919449,645,0.7413255440312648,0.16666666666666666,0.004511136178242965,205,1194
V1_FAILED_BREAKOUT,YM,"{""back_bars"": 2, ""max_trades"": 1}",-1.1321982533654829,-0.8971009739056212,464,0.7124394947747912,0.0,0.12795610426490026,142,1859
V1_FAILED_BREAKOUT,YM,"{""back_bars"": 2, ""max_trades"": 2}",-1.217441083099944,-0.9309562181520827,677,0.7292619643190016,0.0,0.12619195561180208,208,1479
V2_EXTREME_REVERSION,NQ,"{""k"": 2.5, ""hold_bars"": 2}",-1.1142108587427744,-0.8607327679031923,1569,0.8310836195702256,0.0,-1.116066692939354,557,1241
V2_EXTREME_REVERSION,NQ,"{""k"": 2.5, ""hold_bars"": 4}",-1.0773337521031563,-0.8665688438298151,1532,0.834061137665603,0.16666666666666666,-1.139817761881023,543,1315
V2_EXTREME_REVERSION,NQ,"{""k"": 3.5, ""hold_bars"": 2}",-1.4508466348187947,-1.3003615309176875,716,0.6979393024246805,0.0,-0.85813235262041,281,345
V2_EXTREME_REVERSION,NQ,"{""k"": 3.5, ""hold_bars"": 4}",-0.6093330222472059,-0.4951074923273023,697,0.8514642776172747,0.16666666666666666,-0.8108068394957851,273,378
V2_EXTREME_REVERSION,ES,"{""k"": 2.5, ""hold_bars"": 2}",-1.7274800929733416,-0.6931863557692146,1611,0.7544802932739306,0.0,-1.4159374140102894,548,1382
V2_EXTREME_REVERSION,ES,"{""k"": 2.5, ""hold_bars"": 4}",-1.0618658692999912,-0.31221727843394553,1574,0.8227693567072975,0.16666666666666666,-1.8146881284875893,537,1454
V2_EXTREME_REVERSION,ES,"{""k"": 3.5, ""hold_bars"": 2}",-1.0972999485678403,-0.5255577904161238,726,0.7670809888893428,0.16666666666666666,-0.7255560515105374,286,418
V2_EXTREME_REVERSION,ES,"{""k"": 3.5, ""hold_bars"": 4}",-1.4150408882161223,-0.9474179703156185,714,0.7011915600959395,0.0,-0.5240596063960671,282,445
V2_EXTREME_REVERSION,YM,"{""k"": 2.5, ""hold_bars"": 2}",-0.8367131952830673,-0.1707543212616766,1587,0.872408095637454,0.0,-1.088710778138818,561,1286
V2_EXTREME_REVERSION,YM,"{""k"": 2.5, ""hold_bars"": 4}",-0.7076142932887252,-0.20053532164998966,1545,0.8817706083977253,0.16666666666666666,-1.612343748522674,550,1356
V2_EXTREME_REVERSION,YM,"{""k"": 3.5, ""hold_bars"": 2}",-0.975513867712114,-0.5887986293007548,755,0.7882654174696235,0.0,-0.6849384778706077,275,360
V2_EXTREME_REVERSION,YM,"{""k"": 3.5, ""hold_bars"": 4}",-0.7668321445956945,-0.48145680504572097,741,0.8140895070669826,0.16666666666666666,-1.0377368365406927,270,384
V3_COMPRESSION_BREAKOUT,NQ,"{""or_bars"": 2, ""range_ratio_max"": 0.6, ""tgt_R"": NaN, ""invert"": false}",-0.026939251531398995,0.01444678867231689,200,0.9889262294561947,0.5,1.5560212531204691,91,11
V3_COMPRESSION_BREAKOUT,NQ,"{""or_bars"": 2, ""range_ratio_max"": 0.6, ""tgt_R"": NaN, ""invert"": true}",-0.20876254218931048,-0.13809519644501378,1069,0.9614517742510384,0.3333333333333333,-1.2206808176232187,390,55
V3_COMPRESSION_BREAKOUT,NQ,"{""or_bars"": 2, ""range_ratio_max"": 0.6, ""tgt_R"": 2.0, ""invert"": false}",-0.06650473064312878,-0.024259089639177393,200,0.9739362327344425,0.5,1.7302790778777237,91,11
V3_COMPRESSION_BREAKOUT,NQ,"{""or_bars"": 2, ""range_ratio_max"": 0.6, ""tgt_R"": 2.0, ""invert"": true}",-0.41948120399851246,-0.34587522815120925,1069,0.9285238459979218,0.3333333333333333,-1.1445874671831457,390,55
V3_COMPRESSION_BREAKOUT,NQ,"{""or_bars"": 2, ""range_ratio_max"": 0.8, ""tgt_R"": NaN, ""invert"": false}",-0.27737476306729664,-0.21616387832087683,489,0.9286080015530969,0.5,1.1753929494766602,191,24
V3_COMPRESSION_BREAKOUT,NQ,"{""or_bars"": 2, ""range_ratio_max"": 0.8, ""tgt_R"": NaN, ""invert"": true}",-0.07817168187713754,-0.02134748780074223,780,0.9828728587496769,0.5,-1.3445434065294048,290,42
V3_COMPRESSION_BREAKOUT,NQ,"{""or_bars"": 2, ""range_ratio_max"": 0.8, ""tgt_R"": 2.0, ""invert"": false}",-0.2851918016417219,-0.223943608590365,489,0.9290317601635871,0.5,1.527594230456726,191,24
V3_COMPRESSION_BREAKOUT,NQ,"{""or_bars"": 2, ""range_ratio_max"": 0.8, ""tgt_R"": 2.0, ""invert"": true}",-0.31653504295811286,-0.25673770545447683,780,0.9367603065290175,0.5,-1.379844672422694,290,42
V3_COMPRESSION_BREAKOUT,ES,"{""or_bars"": 2, ""range_ratio_max"": 0.6, ""tgt_R"": NaN, ""invert"": false}",-0.6041717391865123,-0.4150247309730901,224,0.7933722394001635,0.16666666666666666,0.8341999961032022,100,8
V3_COMPRESSION_BREAKOUT,ES,"{""or_bars"": 2, ""range_ratio_max"": 0.6, ""tgt_R"": NaN, ""invert"": true}",-0.26921579560543096,-0.002202679945174743,1060,0.9491549226032006,0.5,-0.6708607525255337,386,37
V3_COMPRESSION_BREAKOUT,ES,"{""or_bars"": 2, ""range_ratio_max"": 0.6, ""tgt_R"": 2.0, ""invert"": false}",-0.5112304685660004,-0.3329627932565941,224,0.8245497203924296,0.16666666666666666,1.0368242971024695,100,8
V3_COMPRESSION_BREAKOUT,ES,"{""or_bars"": 2, ""range_ratio_max"": 0.6, ""tgt_R"": 2.0, ""invert"": true}",-0.716164174921957,-0.42859202192740564,1060,0.881521439386208,0.5,-0.9197196085012869,386,37
V3_COMPRESSION_BREAKOUT,ES,"{""or_bars"": 2, ""range_ratio_max"": 0.8, ""tgt_R"": NaN, ""invert"": false}",-0.49605275690942663,-0.2528891702029462,508,0.8739614398685246,0.16666666666666666,0.8825803288822571,220,13
V3_COMPRESSION_BREAKOUT,ES,"{""or_bars"": 2, ""range_ratio_max"": 0.8, ""tgt_R"": NaN, ""invert"": true}",-0.20847029984538787,0.008501134561820748,776,0.9541193548287187,0.5,-1.0328649385129394,266,32
V3_COMPRESSION_BREAKOUT,ES,"{""or_bars"": 2, ""range_ratio_max"": 0.8, ""tgt_R"": 2.0, ""invert"": false}",-0.8481698136083636,-0.588685957575469,508,0.8104500890167695,0.16666666666666666,0.9823727701647572,220,13
V3_COMPRESSION_BREAKOUT,ES,"{""or_bars"": 2, ""range_ratio_max"": 0.8, ""tgt_R"": 2.0, ""invert"": true}",-0.4795897598466412,-0.24979825814130857,776,0.905912539734828,0.5,-1.2954180984441583,266,32
V3_COMPRESSION_BREAKOUT,YM,"{""or_bars"": 2, ""range_ratio_max"": 0.6, ""tgt_R"": NaN, ""invert"": false}",0.19649501687038073,0.29567559540472543,215,1.091504475620045,0.3333333333333333,-0.785448743569251,86,17
V3_COMPRESSION_BREAKOUT,YM,"{""or_bars"": 2, ""range_ratio_max"": 0.6, ""tgt_R"": NaN, ""invert"": true}",-0.207440415073784,-0.03149677481161415,1014,0.9597911807274104,0.16666666666666666,0.2484813268985502,400,61
V3_COMPRESSION_BREAKOUT,YM,"{""or_bars"": 2, ""range_ratio_max"": 0.6, ""tgt_R"": 2.0, ""invert"": false}",0.0722594800244917,0.18355795703099254,215,1.0295561388888486,0.5,-0.6555730515837987,86,17
V3_COMPRESSION_BREAKOUT,YM,"{""or_bars"": 2, ""range_ratio_max"": 0.6, ""tgt_R"": 2.0, ""invert"": true}",-0.27234778277535293,-0.08781978886016172,1014,0.951186991387823,0.16666666666666666,0.46231609245096056,400,61
V3_COMPRESSION_BREAKOUT,YM,"{""or_bars"": 2, ""range_ratio_max"": 0.8, ""tgt_R"": NaN, ""invert"": false}",-0.1518184082785527,-0.006731967726427972,459,0.9563060251332217,0.3333333333333333,0.2881113500920945,217,42
V3_COMPRESSION_BREAKOUT,YM,"{""or_bars"": 2, ""range_ratio_max"": 0.8, ""tgt_R"": NaN, ""invert"": true}",-0.05488354718229926,0.09090140792419256,770,0.9876060224503584,0.3333333333333333,-0.19534481665722966,269,36
V3_COMPRESSION_BREAKOUT,YM,"{""or_bars"": 2, ""range_ratio_max"": 0.8, ""tgt_R"": 2.0, ""invert"": false}",-0.3877643161115247,-0.2308219142823165,459,0.9001545002955852,0.3333333333333333,0.4409435644023622,217,42
V3_COMPRESSION_BREAKOUT,YM,"{""or_bars"": 2, ""range_ratio_max"": 0.8, ""tgt_R"": 2.0, ""invert"": true}",-0.042824339222975814,0.10993380070094459,770,0.9910183146475259,0.3333333333333333,-0.029117480248077584,269,36
V4_TURN_OF_MONTH,NQ,"{""window"": [-1, 3], ""invert"": false}",0.04799958525335913,0.07403264319274604,244,1.0203398142035076,0.3333333333333333,0.9966933207945626,94,5
V4_TURN_OF_MONTH,NQ,"{""window"": [-1, 3], ""invert"": true}",0.1600761622038741,0.21259549065702413,1062,1.033218270287163,0.5,0.9854354724755455,405,3
V4_TURN_OF_MONTH,ES,"{""window"": [-1, 3], ""invert"": false}",-0.2918318660956461,-0.19517447275670627,247,0.8805852217377101,0.16666666666666666,0.8007408422107276,94,3
V4_TURN_OF_MONTH,ES,"{""window"": [-1, 3], ""invert"": true}",-0.009887590412360854,0.196065363460476,1067,0.9979503760907364,0.6666666666666666,0.31064467944305707,404,2
V4_TURN_OF_MONTH,YM,"{""window"": [-1, 3], ""invert"": false}",-0.2993790610000698,-0.2395248365143904,243,0.8778124773824948,0.3333333333333333,0.5552516666667661,94,0
V4_TURN_OF_MONTH,YM,"{""window"": [-1, 3], ""invert"": true}",0.27969069392658236,0.40937574341312655,1040,1.0604778420983147,0.8333333333333334,0.1249855548750371,404,0
V9_GAP_CONTINUATION,NQ,"{""gap_min_atr"": 0.2, ""stop_atr"": 0.5}",0.27364907668812366,0.3273302136629398,737,1.0615753538488557,0.3333333333333333,-0.028990671131381384,304,0
V9_GAP_CONTINUATION,NQ,"{""gap_min_atr"": 0.4, ""stop_atr"": 0.5}",-0.30966898340261534,-0.27092747811403933,358,0.9106780637975571,0.16666666666666666,0.5821110112154064,166,0
V9_GAP_CONTINUATION,ES,"{""gap_min_atr"": 0.2, ""stop_atr"": 0.5}",0.26768110489715513,0.48748989674793863,780,1.058890580431226,0.3333333333333333,-0.36281041581782913,311,0
V9_GAP_CONTINUATION,ES,"{""gap_min_atr"": 0.4, ""stop_atr"": 0.5}",0.2381441911862152,0.39402570002504195,397,1.0724252330867552,0.5,-0.2828666418209189,181,0
V9_GAP_CONTINUATION,YM,"{""gap_min_atr"": 0.2, ""stop_atr"": 0.5}",-0.12825057294346667,0.013043441068300236,760,0.9725592117821626,0.5,-0.11161272565924853,317,0
V9_GAP_CONTINUATION,YM,"{""gap_min_atr"": 0.4, ""stop_atr"": 0.5}",-0.004057810453341383,0.09877901397495091,395,0.9987922253185119,0.6666666666666666,-0.39935856457699886,180,0
V10_NOISE_PULLBACK,NQ,"{""lookback"": 14, ""mult"": 1.25, ""trail"": ""band_mean"", ""check_min"": 60, ""wait_bars"": 4}",-0.3123346390513879,-0.24225108628143663,302,0.8780749512023098,0.5,0.21031573266375023,101,2605
V10_NOISE_PULLBACK,NQ,"{""lookback"": 14, ""mult"": 1.25, ""trail"": ""band_mean"", ""check_min"": 60, ""wait_bars"": 8}",-0.15750033065421634,-0.09144466891672598,335,0.9329385142373859,0.6666666666666666,-0.039855367485949235,110,2542
V10_NOISE_PULLBACK,ES,"{""lookback"": 14, ""mult"": 1.25, ""trail"": ""band_mean"", ""check_min"": 60, ""wait_bars"": 4}",-0.49617627721107643,-0.29313614633111273,272,0.7922535953430943,0.3333333333333333,-0.677378219705895,109,2526
V10_NOISE_PULLBACK,ES,"{""lookback"": 14, ""mult"": 1.25, ""trail"": ""band_mean"", ""check_min"": 60, ""wait_bars"": 8}",-0.5734178144637915,-0.3608235258227705,316,0.7704444297131465,0.3333333333333333,-0.7431710974267941,126,2454
V10_NOISE_PULLBACK,YM,"{""lookback"": 14, ""mult"": 1.25, ""trail"": ""band_mean"", ""check_min"": 60, ""wait_bars"": 4}",-0.1500101750619139,-0.02873183107467076,310,0.9316466595495649,0.3333333333333333,-0.18830536482520072,121,2506
V10_NOISE_PULLBACK,YM,"{""lookback"": 14, ""mult"": 1.25, ""trail"": ""band_mean"", ""check_min"": 60, ""wait_bars"": 8}",-0.11697920101135068,0.01761090219128305,341,0.9477026437724659,0.3333333333333333,0.8302893222956178,129,2455
