hid,mkt,prm,tr_sh,tr_gross,tr_n,va_sh,va_gross
V11_ASIAN_BREAKOUT,6E,"{""stop_frac"": NaN, ""exit_min"": 480}",-0.7649107768106947,0.06132511739473873,774,-0.6812434292734301,0.23441126084202352
V11_ASIAN_BREAKOUT,6E,"{""stop_frac"": NaN, ""exit_min"": 660}",-0.9406895315009165,-0.32767723460156567,818,-0.8076663188207673,-0.10345262120959986
V11_ASIAN_BREAKOUT,6E,"{""stop_frac"": 0.5, ""exit_min"": 480}",-2.1274202010455023,-1.090053336051334,774,-1.499208575089138,-0.45524019741811533
V11_ASIAN_BREAKOUT,6E,"{""stop_frac"": 0.5, ""exit_min"": 660}",-2.0772045313422476,-1.2633354494045088,818,-1.587872207442527,-0.7021768289725501
V11_ASIAN_BREAKOUT,6B,"{""stop_frac"": NaN, ""exit_min"": 480}",-0.05620876415322334,1.0178184385217217,797,0.011353754674383534,1.0413916520155588
V11_ASIAN_BREAKOUT,6B,"{""stop_frac"": NaN, ""exit_min"": 660}",0.08592900341048458,0.9218905096943623,822,0.713956210715217,1.4908624258848608
V11_ASIAN_BREAKOUT,6B,"{""stop_frac"": 0.5, ""exit_min"": 480}",-0.9467703092324204,0.3514888074820106,797,-1.9114734179022088,-0.635464287229791
V11_ASIAN_BREAKOUT,6B,"{""stop_frac"": 0.5, ""exit_min"": 660}",-0.7925466696537968,0.24909112717288143,822,-0.9606259572580778,0.0011126161022682144
V11_ASIAN_BREAKOUT,MGC,"{""stop_frac"": NaN, ""exit_min"": 480}",0.2520221317372145,0.7718229063747543,722,0.09240311878924655,0.4716775703022211
V11_ASIAN_BREAKOUT,MGC,"{""stop_frac"": NaN, ""exit_min"": 660}",0.8899590883706942,1.2097299692059198,900,0.37385220084893067,0.6164994148864664
V11_ASIAN_BREAKOUT,MGC,"{""stop_frac"": 0.5, ""exit_min"": 480}",0.145243140956742,0.7132155691264475,722,-0.4758845058664809,-0.087048268089339
V11_ASIAN_BREAKOUT,MGC,"{""stop_frac"": 0.5, ""exit_min"": 660}",0.3915555921645729,0.7840813951867777,900,0.1464521355948818,0.4175060811834808
V12_ASIAN_REVERSION,6E,"{""k"": 1.0}",0.3919958173781738,1.0061875150774375,190,-0.2850123574714205,0.42307953269825566
V12_ASIAN_REVERSION,6E,"{""k"": 1.5}",0.0128624258793305,0.28751868918633816,68,-0.5069999018856424,-0.2128219147174191
V12_ASIAN_REVERSION,6B,"{""k"": 1.0}",0.14216494539513433,0.5654106306803137,152,-0.8172083907405786,-0.15685874783681988
V12_ASIAN_REVERSION,6B,"{""k"": 1.5}",0.17511714168050885,0.3231384110817377,48,-0.5373220699501544,-0.253627810854691
V12_ASIAN_REVERSION,MGC,"{""k"": 1.0}",-0.24108680332245044,0.17229859384927104,366,-0.20327726366333723,0.10999395266392488
V12_ASIAN_REVERSION,MGC,"{""k"": 1.5}",0.25661474258947614,0.4756833878197985,148,0.1464662689175259,0.3289653233108083
