asia_start,asia_end,exit_min,stop_frac,train,val
1080,120,540,,0.7474317310161319,0.09080014572296596
1080,120,540,1.0,0.7474317310161319,0.09080014572296596
1080,120,600,,0.6431560608003297,0.20796457555705855
1080,120,600,1.0,0.6431560608003297,0.20808547730314952
1080,120,660,,0.6527518345176089,0.390698124269265
1080,120,660,1.0,0.6527518345176089,0.3908062467737941
1080,120,720,,0.6022042404918837,0.5169809994121966
1080,120,720,1.0,0.6022042404918837,0.517080688935419
1080,180,540,,0.7263382872502446,-0.2954985252105338
1080,180,540,1.0,0.7266177581734024,-0.2954429812494156
1080,180,600,,0.7358172646973461,0.06647335716020857
1080,180,600,1.0,0.7360303778512126,0.06651964317582612
1080,180,660,,0.8110521145866082,0.28535372093190847
1080,180,660,1.0,0.8112387720935488,0.28539496944703513
1080,180,720,,0.7053294396146034,0.4578878991807441
1080,180,720,1.0,0.7055710086621395,0.4579258183953139
1080,240,540,,1.1733218074038558,0.0967593306565415
1080,240,540,1.0,1.1733218074038558,0.0967593306565415
1080,240,600,,0.9436306270158132,0.4267391822145045
1080,240,600,1.0,0.9436306270158132,0.4267391822145045
1080,240,660,,0.9348046036545852,0.6292157376596651
1080,240,660,1.0,0.9348046036545852,0.6292157376596651
1080,240,720,,0.8738621818881704,0.7621117601682365
1080,240,720,1.0,0.8739308590645806,0.7621117601682365
1140,120,540,,0.8564836506923763,-0.14083134879744746
1140,120,540,1.0,0.8564836506923763,-0.14083134879744746
1140,120,600,,0.7435449658427655,-0.04164831465792675
1140,120,600,1.0,0.7435449658427655,-0.0415306014811636
1140,120,660,,0.7315064474665768,0.1673879296701257
1140,120,660,1.0,0.7315064474665768,0.16749353980437176
1140,120,720,,0.6942653986243362,0.2529829795996354
1140,120,720,1.0,0.6942653986243362,0.25308205196328415
1140,180,540,,0.8854484078794618,-0.1375655454825453
1140,180,540,1.0,0.8857299825469981,-0.1375102171428443
1140,180,600,,0.8341826207530839,0.18189330695724956
1140,180,600,1.0,0.8343955419207444,0.18193937289396664
1140,180,660,,0.8899590883706942,0.37385220084893067
1140,180,660,1.0,0.8901453756113025,0.37389322056240454
1140,180,720,,0.8241648243643123,0.5832319496277892
1140,180,720,1.0,0.8244061666505891,0.5832697172030102
1140,240,540,,1.2864844139712561,0.18682284074900826
1140,240,540,1.0,1.2864844139712561,0.18682284074900826
1140,240,600,,1.008783765226116,0.5195333473673176
1140,240,600,1.0,1.008783765226116,0.5195333473673176
1140,240,660,,0.9978888396764054,0.6419193253872804
1140,240,660,1.0,0.9978888396764054,0.6419193253872804
1140,240,720,,0.9601109554342206,0.8203411429390209
1140,240,720,1.0,0.9601784200138008,0.8203411429390209
1200,120,540,,0.9404250382670521,-0.1197532502748375
1200,120,540,1.0,0.9404250382670521,-0.1197532502748375
1200,120,600,,0.8768616490369373,-0.005197347939951834
1200,120,600,1.0,0.8768616490369373,-0.005079357902727869
1200,120,660,,0.9191099653674752,0.20581868207511694
1200,120,660,1.0,0.9191099653674752,0.2059247514049453
1200,120,720,,0.8662721407527506,0.27717813620291215
1200,120,720,1.0,0.8662721407527506,0.2772776193124279
1200,180,540,,0.991638447202187,-0.18532087089093063
1200,180,540,1.0,0.9919190512803808,-0.18526592869902314
1200,180,600,,0.9840575714706756,0.17215211087187132
1200,180,600,1.0,0.9842713640063582,0.17219822337971566
1200,180,660,,1.0637267783065545,0.32239464253473316
1200,180,660,1.0,1.063914384698558,0.32243567185159316
1200,180,720,,0.9686975108203032,0.5233587949380296
1200,180,720,1.0,0.9688754125699426,0.5233965684393425
1200,240,540,,1.3627450797623928,0.1270814653851275
1200,240,540,1.0,1.3627450797623928,0.1270814653851275
1200,240,600,,1.1105787981977489,0.48816909560608823
1200,240,600,1.0,1.1105787981977489,0.48816909560608823
1200,240,660,,1.118893483064992,0.5544017004312655
1200,240,660,1.0,1.118893483064992,0.5544017004312655
1200,240,720,,1.0458326015344745,0.7187408269505785
1200,240,720,1.0,1.0458326015344745,0.7187408269505785
