hid,prm,tr_sh,tr_gross,tr_resid,tr_beta,bh_tr,va_sh,va_resid,bh_va,turn,long_t,short_t
C1_TSMOM,"{""lookback"": 20, ""long_only"": false}",1.588842305046657,1.6958388280778443,1.45495957087818,0.12780023217565223,1.1391793328934008,1.5080539760160274,1.3577009787542549,1.3133554469493152,44.776739106162665,0.5799561883899234,0.42004381161007665
C1_TSMOM,"{""lookback"": 20, ""long_only"": true}",1.8207081171959612,2.0012897532990706,1.4621840367109102,0.5639041216713949,1.1391793328934008,1.8873654324051705,1.3640111320406823,1.3133554469493152,22.835572952719183,0.5799561883899234,0.0
C1_TSMOM,"{""lookback"": 60, ""long_only"": false}",1.2975799774476775,1.3804316640746142,0.9538051107999361,0.35672916382045183,1.1391793328934008,0.9224312347355985,0.5581795784699869,1.3133554469493152,31.03442649046251,0.5985761226725083,0.4014238773274918
C1_TSMOM,"{""lookback"": 60, ""long_only"": true}",1.4832422155041995,1.6339531068672948,0.9610297980235926,0.6783651259828589,1.1391793328934008,1.3913079141647253,0.5630977927265517,1.3133554469493152,16.09211566200682,0.5985761226725083,0.0
C1_TSMOM,"{""lookback"": 120, ""long_only"": false}",1.1759045982712852,1.2648580750241323,0.8130805988223838,0.3686610766536101,1.1391793328934008,0.5539388376652847,0.08459646071681946,1.3133554469493152,27.174472760863196,0.6456736035049289,0.3543263964950712
C1_TSMOM,"{""lookback"": 120, ""long_only"": true}",1.4031129396725335,1.5567064943577782,0.8200563391418274,0.6843277052756234,1.1391793328934008,1.1339679931134319,0.08984108461388365,1.3133554469493152,14.239004468811402,0.6456736035049289,0.0
C2_DONCHIAN,"{""n"": 20, ""long_only"": false}",1.3704241461553326,1.4395016844263284,1.1614071336735323,0.18246741976789724,1.1391793328934008,1.5715675589782008,1.2078033202576928,1.3133554469493152,13.494877379854206,0.44414019715224534,0.2634173055859803
C2_DONCHIAN,"{""n"": 20, ""long_only"": true}",1.8188868173389592,1.9556877179769703,1.4319135396701383,0.4952074007355375,1.1391793328934008,1.80927641661885,1.2486024997116865,1.3133554469493152,7.797431222250194,0.46987951807228917,0.0
C2_DONCHIAN,"{""n"": 55, ""long_only"": false}",0.8731595832865195,0.9540817142537572,0.39204608157039983,0.41494769921505564,1.1391793328934008,0.8324362047023296,0.37628701396340597,1.3133554469493152,8.512454288441752,0.5268346111719606,0.20974808324205915
C2_DONCHIAN,"{""n"": 55, ""long_only"": true}",1.212645588806069,1.3364660625581726,0.5166499928319216,0.6114359720274236,1.1391793328934008,0.9635721278065961,-0.08260584904466785,1.3133554469493152,5.446357409558098,0.5268346111719606,0.0
C3_REVERSAL,"{""k"": 3, ""hold"": 4}",-0.6139903599589651,0.15014794164523076,-0.6783214988903041,0.03921414243264771,0.98406411230026,-0.04276646176797448,-0.10699178277266046,1.1897505108871458,303.43373493975906,0.03776469514421322,0.03322380430814166
C3_REVERSAL,"{""k"": 3, ""hold"": 12}",-0.7785106512953369,-0.33424259669962453,-0.8156497558615725,0.034897666577029175,0.98406411230026,-0.5779550534597068,-0.7278536387455183,1.1897505108871458,268.2530120481928,0.0949023366192041,0.08490781307046368
C3_REVERSAL,"{""k"": 4, ""hold"": 4}",-0.6521853019896942,-0.19212308201770478,-0.6499359482420606,-0.001157726772901775,0.98406411230026,0.5419629206713201,0.5367522863682506,1.1897505108871458,150.71741511500548,0.018277656078860897,0.016589083607155896
C3_REVERSAL,"{""k"": 4, ""hold"": 12}",-0.9855377788841536,-0.6460749266851507,-0.9721508155660562,-0.008952433327239861,0.98406411230026,-0.43750229250609174,-0.4706825009642454,1.1897505108871458,142.72179627601315,0.050223621759766336,0.04584246075209931
C4_VOL_EXPANSION,"{""x"": 1.5, ""hold"": 1}",0.13744330525812037,0.318414062021859,-0.02076881951068783,0.05613290797920368,1.1391793328934008,-0.2575636013181817,-0.4823298359954336,1.3133554469493152,42.685327144999995,0.060240963855421686,0.03176341730558598
C4_VOL_EXPANSION,"{""x"": 1.5, ""hold"": 5}",0.4819668041340236,0.5894727432952029,0.20359757227121203,0.17560850063178876,1.1391793328934008,0.9711867808986534,0.9149088848050275,1.3133554469493152,35.11905305498041,0.22453450164293537,0.11993428258488499
C4_VOL_EXPANSION,"{""x"": 2.0, ""hold"": 1}",-0.26745540469936246,-0.14618577278269268,-0.39153772701822254,0.035725363309368874,1.1391793328934008,-1.1069727958259878,-1.1924726411640287,1.3133554469493152,23.944365242586592,0.03066812705366922,0.019715224534501644
C4_VOL_EXPANSION,"{""x"": 2.0, ""hold"": 5}",0.09803923316291648,0.17185855642563244,-0.08464964264562222,0.09290672530431893,1.1391793328934008,0.6146565432207673,0.8979508296543858,1.3133554469493152,21.2987644594119,0.12705366922234393,0.08050383351588171
