,ct1_sharpe_365d,btc_vr20_365d
2015-06-30 00:00:00+00:00,0.9238254603056006,0.5930117080741364
2015-07-31 00:00:00+00:00,0.9754558083961413,0.6509224477991059
2015-08-31 00:00:00+00:00,0.30653821536007714,0.6513818389106639
2015-09-30 00:00:00+00:00,-0.12831449907425224,0.6092643016374837
2015-10-31 00:00:00+00:00,0.3473566924867673,0.6762203736709669
2015-11-30 00:00:00+00:00,1.2371028976426475,0.7994660859149249
2015-12-31 00:00:00+00:00,1.2535002537427569,0.6685071777781861
2016-01-31 00:00:00+00:00,0.49417500468703157,0.9039423530800903
2016-02-29 00:00:00+00:00,0.7345700671808918,0.9577174132191757
2016-03-31 00:00:00+00:00,0.6988676658531903,0.9619658772014649
2016-04-30 00:00:00+00:00,0.8964933787702958,0.9827888518670125
2016-05-31 00:00:00+00:00,1.288405354924487,0.9483677809137644
2016-06-30 00:00:00+00:00,1.6890252193572013,1.0316376054227603
2016-07-31 00:00:00+00:00,1.4694389561495877,1.0036938338251247
2016-08-31 00:00:00+00:00,1.6904138551020964,1.0361707968825125
2016-09-30 00:00:00+00:00,1.7495236271339638,1.0394506147425207
2016-10-31 00:00:00+00:00,1.330395893775931,0.8427977991954578
2016-11-30 00:00:00+00:00,1.3053377456438755,0.8303893021466963
2016-12-31 00:00:00+00:00,1.877936727453041,0.8890370826310071
2017-01-31 00:00:00+00:00,1.7214001488918522,0.8941036604743733
2017-02-28 00:00:00+00:00,2.1561823087929524,0.8997404801543682
2017-03-31 00:00:00+00:00,1.982843159337698,0.8677726145846754
2017-04-30 00:00:00+00:00,2.1667836851335047,0.8999765201915048
2017-05-31 00:00:00+00:00,2.8329217849034647,0.8777770794488063
2017-06-30 00:00:00+00:00,2.5540137596486843,1.0144233034026058
2017-07-31 00:00:00+00:00,2.5638862340208126,0.7491396068589214
2017-08-31 00:00:00+00:00,3.114202533833537,0.9135195096373572
2017-09-30 00:00:00+00:00,2.6912181454029214,0.8478412870861494
2017-10-31 00:00:00+00:00,2.810621819905001,0.8849798526518502
2017-11-30 00:00:00+00:00,3.0728887952251727,0.8407085246188701
2017-12-31 00:00:00+00:00,2.825448561417261,0.9526992131887149
2018-01-31 00:00:00+00:00,3.133100446092338,1.0893221591297513
2018-02-28 00:00:00+00:00,2.5890743056013856,1.1202459455750737
2018-03-31 00:00:00+00:00,3.2184282982181736,1.1918504416352578
2018-04-30 00:00:00+00:00,2.5430117683440616,1.1761763168442152
2018-05-31 00:00:00+00:00,1.6148901337001227,1.1852411068629478
2018-06-30 00:00:00+00:00,1.6688677344515876,1.2314396493050808
2018-07-31 00:00:00+00:00,1.4689147662587791,1.2656542962591213
2018-08-31 00:00:00+00:00,0.8483985718049483,1.2813091418339893
2018-09-30 00:00:00+00:00,1.1685921356734823,1.3327854945961102
2018-10-31 00:00:00+00:00,0.4769400106679939,1.2734842098897536
2018-11-30 00:00:00+00:00,0.6454718857190025,0.7625140226055045
2018-12-31 00:00:00+00:00,-0.0010413304243856501,0.9224606322777852
2019-01-31 00:00:00+00:00,0.329403572807064,0.9300354047780066
2019-02-28 00:00:00+00:00,1.0535718452320805e-05,1.0599381124065292
2019-03-31 00:00:00+00:00,-0.30266721783636474,1.129626425747897
2019-04-30 00:00:00+00:00,0.778394112400937,1.213179933024776
2019-05-31 00:00:00+00:00,1.600997566913423,1.3711199687033375
2019-06-30 00:00:00+00:00,1.747583913431656,1.3211947397825805
2019-07-31 00:00:00+00:00,1.936614523140279,1.202131986588433
2019-08-31 00:00:00+00:00,1.9177392562789781,1.1912305925018352
2019-09-30 00:00:00+00:00,2.0326083266301187,1.2097200577744611
2019-10-31 00:00:00+00:00,1.7467916697137063,1.1759401669715115
2019-11-30 00:00:00+00:00,1.3497637875568314,0.9142358950623298
2019-12-31 00:00:00+00:00,1.3412934941397272,1.020977678299524
2020-01-31 00:00:00+00:00,1.1994076541640684,1.0098252820602218
2020-02-29 00:00:00+00:00,1.4058835575250093,1.0311764438425641
2020-03-31 00:00:00+00:00,1.4861689702328265,0.8337129585691911
2020-04-30 00:00:00+00:00,1.0850997084465146,0.7823564660497084
2020-05-31 00:00:00+00:00,0.17233470604193463,0.7985586862540089
2020-06-30 00:00:00+00:00,-0.20637608095569088,0.7147177454831234
2020-07-31 00:00:00+00:00,0.3119190097262679,0.7593816610987676
2020-08-31 00:00:00+00:00,0.37465280038207954,0.8162972317409739
2020-09-30 00:00:00+00:00,0.2927025986971696,0.7582359536850823
2020-10-31 00:00:00+00:00,0.9639568344793463,0.806994253606568
2020-11-30 00:00:00+00:00,1.4902529508335083,0.7988776291178138
2020-12-31 00:00:00+00:00,2.0172716568298266,0.8476288369710478
2021-01-31 00:00:00+00:00,2.111963296088038,0.9822794213943853
2021-02-28 00:00:00+00:00,2.444983406323942,0.7387568308257263
2021-03-31 00:00:00+00:00,2.714802234466478,0.9919677845213327
2021-04-30 00:00:00+00:00,2.554154494060289,1.0287547851256558
2021-05-31 00:00:00+00:00,2.534339838363564,1.2580160931968312
2021-06-30 00:00:00+00:00,2.5746926186786054,1.2102359923365114
2021-07-31 00:00:00+00:00,2.02019578751592,1.2014613621885626
2021-08-31 00:00:00+00:00,2.212091541691514,1.189340114430429
2021-09-30 00:00:00+00:00,2.0984237137749946,1.1938902436537397
2021-10-31 00:00:00+00:00,1.9907997761989769,1.1668542079616748
2021-11-30 00:00:00+00:00,1.099417902515584,1.1710265379251381
2021-12-31 00:00:00+00:00,0.3806123978447544,0.9451912493710567
2022-01-31 00:00:00+00:00,0.5393269973794558,0.9333675890714868
2022-02-28 00:00:00+00:00,-0.22431699297629892,0.8835826829640957
2022-03-31 00:00:00+00:00,-0.6554714915145089,0.8973506665898427
2022-04-30 00:00:00+00:00,-0.6118589119191283,0.9254052622468664
2022-05-31 00:00:00+00:00,-0.1475190417228805,0.9134292001044518
2022-06-30 00:00:00+00:00,0.45795278427514235,1.1541923199647868
2022-07-31 00:00:00+00:00,0.4005473868709589,0.9989840567680266
2022-08-31 00:00:00+00:00,0.18872246328010972,0.9957583933607957
2022-09-30 00:00:00+00:00,0.22445034125018076,0.8394189050981153
2022-10-31 00:00:00+00:00,-0.26138845838371894,0.8023527909769543
2022-11-30 00:00:00+00:00,-0.08206358900311435,0.7847095238143658
2022-12-31 00:00:00+00:00,0.003493382114326535,0.840130154743653
2023-01-31 00:00:00+00:00,0.23777994673311453,1.0252489159622193
2023-02-28 00:00:00+00:00,0.4699213303195292,1.1360276124582127
2023-03-31 00:00:00+00:00,0.6842821902510363,1.1888827508314537
2023-04-30 00:00:00+00:00,0.7417652428443554,1.1097519948612946
2023-05-31 00:00:00+00:00,0.31877243459093124,1.060262416702228
2023-06-30 00:00:00+00:00,-0.4921437277700433,0.9057883803935385
2023-07-31 00:00:00+00:00,-0.350350621180609,0.9941126638651905
2023-08-31 00:00:00+00:00,-0.17599450089275656,0.9649280204804852
2023-09-30 00:00:00+00:00,-0.06243158657200417,1.097092760262345
2023-10-31 00:00:00+00:00,0.3489266326644924,1.0179898512909844
2023-11-30 00:00:00+00:00,0.6812246847572329,1.2036290549754325
2023-12-31 00:00:00+00:00,0.9975373965877029,1.1126332603876052
2024-01-31 00:00:00+00:00,0.16111357751166275,0.8744922392905645
2024-02-29 00:00:00+00:00,1.3095604301514097,0.9678491603651665
2024-03-31 00:00:00+00:00,1.3964546410487162,1.0384567150752124
2024-04-30 00:00:00+00:00,1.3391886393569885,1.0285968876697746
2024-05-31 00:00:00+00:00,1.1668825936869258,0.9619171175056949
2024-06-30 00:00:00+00:00,1.2318591032557153,1.0346521492536813
2024-07-31 00:00:00+00:00,1.1425838073059376,1.0286330994856896
2024-08-31 00:00:00+00:00,0.9020884073407329,0.9547142004094724
2024-09-30 00:00:00+00:00,0.8302101158953158,0.9678516981766505
2024-10-31 00:00:00+00:00,0.6071315922617351,0.8609172867694032
2024-11-30 00:00:00+00:00,1.1524811849893926,0.9984749618136127
2024-12-31 00:00:00+00:00,0.7074909619267635,1.0094431676250115
2025-01-31 00:00:00+00:00,1.086585442481313,0.970858304876013
2025-02-28 00:00:00+00:00,0.10974617709764721,0.7688073086819079
2025-03-31 00:00:00+00:00,-0.2717228907873732,0.8435333645982355
2025-04-30 00:00:00+00:00,-0.4007627534734003,0.8442980042087371
2025-05-31 00:00:00+00:00,0.061870408905452194,0.9279138625118828
2025-06-30 00:00:00+00:00,0.012475306258473925,0.8286634038125034
2025-07-31 00:00:00+00:00,0.31158722725490373,0.767927899608836
2025-08-31 00:00:00+00:00,0.21579233056107633,0.8568111358266092
2025-09-30 00:00:00+00:00,0.33947282478197893,0.8936365039766214
2025-10-31 00:00:00+00:00,-0.03759599063768146,0.7371720471383204
2025-11-30 00:00:00+00:00,-0.44189258209673893,0.7070524774914608
2025-12-31 00:00:00+00:00,-0.30024798826715554,0.7307476204810728
2026-01-31 00:00:00+00:00,-0.5421313528671684,0.7207750009403553
2026-02-28 00:00:00+00:00,0.08128378583683722,0.855665874198611
2026-03-31 00:00:00+00:00,-0.053968325697764295,0.9462574903129681
2026-04-30 00:00:00+00:00,0.2176529371161645,0.9078956872190099
2026-05-31 00:00:00+00:00,0.0996124779837929,0.9211454943806048
2026-06-30 00:00:00+00:00,0.5799456538394481,0.9573897667228853
2026-07-31 00:00:00+00:00,0.08744176653522817,0.9398858945728409
2026-08-31 00:00:00+00:00,0.6486854221243961,1.0661590155844975
2026-09-30 00:00:00+00:00,0.7588273747005148,1.1427441902474722
2026-10-31 00:00:00+00:00,0.6343450727669282,1.1675143517000721
